Dataset_Split,Location,pH,Turbidity (NTU),Temperature (°C),DO (mg/L),BOD (mg/L),Lead (mg/L),Mercury (mg/L),Arsenic (mg/L),Pollution_Level,Hour,DayOfWeek,Month,ft_transformer_prediction,ft_transformer_probability_class_0,ft_transformer_probability_class_1,ft_transformer_probability_class_2
train,L4,8.762413989,14.46830607,16.46163124,6.258335008,2.478581589,0.002801342,0.001923607,0.018768642,2,0,0,1,,,,
validation_holdout,L5,7.477966143,1.905644552,27.44686529,2.826120071,8.048452878,0.01955102,0.000632561,0.003708245,2,1,0,1,2,0.0020028206054121256,0.009698589332401752,0.9882985353469849
train,L3,7.938277884,1.889506191,34.62355674,3.380191016,2.102480758,0.019290629,0.000205109,0.005054818,2,2,0,1,,,,
train,L5,8.728747834,0.736115267,18.802153,6.543794379,6.714159932,0.003358206,0.001058366,0.005637732,2,3,0,1,,,,
validation_holdout,L5,7.97533522,19.15177727,30.85190233,4.370860908,2.11461424,0.00605852,0.000123627,0.001237493,2,4,0,1,2,0.003831908805295825,0.03727994114160538,0.9588881731033325
train,L2,6.03388665,14.88141301,33.15797588,9.506525829,1.634820738,0.002093084,0.000229981,0.002899516,2,5,0,1,,,,
train,L3,7.517009261,7.388402466,33.87403186,8.549921836,9.184865533,0.00550718,0.000446585,0.019733823,2,6,0,1,,,,
train,L3,7.623502662,6.282443835,34.20271209,9.868537652,2.711158897,0.01633752,0.000934057,0.006646726,2,7,0,1,,,,
train,L3,6.98445735,7.31921298,25.42919277,4.077366712,8.391251391,0.007628481,0.000872169,0.002748371,2,8,0,1,,,,
train,L5,8.077554825,15.60574386,34.54615816,9.757789062,5.90167784,0.0018591,0.001601387,0.00258633,2,9,0,1,,,,
train,L4,8.770284552,13.39672692,30.14620414,5.449870958,1.700708676,0.006910288,0.001481555,0.014529469,2,10,0,1,,,,
train,L3,8.739489795,4.111313573,18.23342872,4.780150363,9.599033723,0.019629528,0.000858373,0.017164089,2,11,0,1,,,,
train,L5,7.0779378,3.895132039,24.53800213,2.402796216,3.222650503,0.012630704,0.000674071,0.00551057,2,12,0,1,,,,
train,L2,5.89633316,2.418715169,29.36662351,2.422122063,8.736808108,0.008381603,0.000639773,0.000907735,2,13,0,1,,,,
validation_holdout,L4,8.946944196,13.37590303,19.94680632,7.536090048,2.519290052,0.003414116,0.00155025,0.004850255,2,14,0,1,2,0.007270465139299631,0.06316416710615158,0.9295653700828552
train,L2,8.436143303,15.40526691,27.81230367,5.663431955,8.685485939,0.019724918,0.000113624,0.001602056,2,15,0,1,,,,
train,L4,5.936319384,5.668405352,28.33200958,3.812173008,1.119059316,0.016434895,3.55e-05,0.002516201,2,16,0,1,,,,
train,L5,8.722946589,0.90842674,18.25399488,6.911762451,5.606024109,0.005701398,0.001593133,0.008914408,2,17,0,1,,,,
train,L1,8.544637267,2.102347516,26.30170625,4.022864946,7.924983215,0.001494367,0.000959521,0.004983408,2,18,0,1,,,,
train,L4,7.3159332,19.37327068,30.43253822,6.621054035,9.413159657,0.001226849,0.000270453,0.010560945,2,19,0,1,,,,
train,L2,7.569464025,6.261173161,24.97791329,4.873669976,9.182819226,0.002495525,0.000478776,0.005443128,2,20,0,1,,,,
train,L5,6.896509464,15.49985138,15.24206234,8.588417813,8.376623826,0.011657295,0.001865683,0.018840477,2,21,0,1,,,,
train,L4,5.691665736,12.68093959,15.18076938,8.565569286,8.993722147,0.018582392,0.001720411,0.018165907,2,22,0,1,,,,
train,L1,6.673190346,7.947822973,22.14058688,5.818803185,2.792977173,0.009985194,0.001422472,0.011552719,1,23,0,1,,,,
train,L1,8.30998707,4.510901613,33.52388137,4.806552875,3.557658661,0.016874615,0.000969628,0.007411268,2,0,1,1,,,,
train,L3,5.516212081,2.867035154,19.57353559,4.900478372,3.600716724,0.008973144,0.001045444,0.007932364,2,1,1,1,,,,
train,L3,6.667247101,12.49275288,27.68727378,8.445716205,4.393485379,0.014200813,0.001950737,0.00853112,2,2,1,1,,,,
train,L2,6.893590428,15.60535872,19.44151741,4.625435862,4.539886033,0.014664267,0.001931883,0.014687797,2,3,1,1,,,,
validation_holdout,L4,7.38088461,13.05613294,21.43339979,3.67247499,5.900997922,0.003561878,0.000438385,0.00930696,2,4,1,1,2,0.002528770361095667,0.014119213446974754,0.98335200548172
train,L4,8.719494657,10.8408916,31.96084179,2.677506735,2.43891787,0.0072882,0.001624098,0.017206234,2,5,1,1,,,,
train,L3,6.71221098,1.318048857,29.57722885,5.733544967,7.221219974,0.012782313,0.000402513,0.018909848,2,6,1,1,,,,
train,L4,6.714336207,19.38553116,16.90798555,5.857056791,2.508098854,0.001506863,0.00043494,0.00705095,2,7,1,1,,,,
train,L4,8.081254368,16.07492674,23.57404042,8.727269683,3.792776339,0.00729465,0.001355425,0.011433542,2,8,1,1,,,,
validation_holdout,L1,7.082762793,6.210029716,15.58339527,3.769909572,5.530106175,0.010742509,0.000815952,0.002353602,1,9,1,1,2,0.003424618858844042,0.012846780940890312,0.9837285876274109
validation_holdout,L3,6.28611688,19.60942142,24.61780293,5.047930189,8.167965054,0.019924867,0.001863773,0.004409146,2,10,1,1,2,0.0024938243441283703,0.0005840371013619006,0.9969220757484436
train,L5,7.083538306,12.236691,28.24868023,8.467245911,7.655223099,0.009543218,0.000187129,0.008562582,2,11,1,1,,,,
train,L3,5.992999571,11.85724184,17.37005247,8.588988886,6.809809208,0.016339529,0.001027936,0.004520953,2,12,1,1,,,,
validation_holdout,L5,6.117354453,15.087427,20.77769878,5.076888608,2.401959345,0.008698139,0.001837858,0.01759293,2,13,1,1,2,0.0021784950513392687,0.0034675721544772387,0.9943538904190063
train,L1,7.244287205,16.32951087,22.95673251,5.672992186,5.923408111,0.015948175,0.001809186,0.003586582,2,14,1,1,,,,
train,L2,6.966239073,13.30133284,33.39062049,4.426287127,1.787018516,0.011948755,0.000321493,0.009385386,2,15,1,1,,,,
train,L4,8.701960654,2.997867054,34.86510031,9.460439027,4.396268591,0.017743249,0.000739609,0.012311135,2,16,1,1,,,,
train,L1,6.768378647,7.096216367,15.89822598,2.949150126,4.721648773,0.008277757,0.001242052,0.013991346,2,17,1,1,,,,
validation_holdout,L4,7.532059226,18.59763099,30.22015847,9.469995384,1.358302955,0.012125658,0.000327196,0.007969853,2,18,1,1,2,0.005040866322815418,0.0646766796708107,0.930282473564148
train,L2,7.712925008,4.880004431,22.43448133,7.470931615,3.465892895,0.012637372,0.001936364,0.017447432,2,19,1,1,,,,
train,L2,5.545830598,7.757256965,22.84916372,6.252577221,9.600845205,0.008405921,0.001830351,0.011582223,2,20,1,1,,,,
train,L1,7.822380802,8.925499217,30.08529947,2.261272486,9.58269347,0.00297181,0.000342231,0.009070402,2,21,1,1,,,,
validation_holdout,L2,6.123125884,9.068397299,33.36852864,5.804769535,4.170943488,0.001961832,0.000251099,0.001811192,1,22,1,1,2,0.005644440185278654,0.12957723438739777,0.8647782802581787
train,L5,8.863746111,12.45232186,34.01857189,5.26198484,1.387900981,0.000431764,0.000179963,0.009561445,2,23,1,1,,,,
train,L2,6.020319547,18.88997884,26.54245172,3.289750496,2.611854454,0.017483332,0.001819793,0.016504349,2,0,2,1,,,,
train,L4,6.951184433,5.193507881,22.14242319,7.251276828,4.529960141,0.004805851,0.000395311,0.01248355,1,1,2,1,,,,
train,L4,5.798723838,2.869276838,30.75098172,9.769207259,9.530017282,0.004308984,0.000838407,0.016727168,2,2,2,1,,,,
train,L4,8.989059881,4.350674552,20.02002767,6.497510489,2.270791572,0.014747104,0.000903214,0.010133228,1,3,2,1,,,,
validation_holdout,L4,7.257682536,17.79503555,26.28148058,7.718026212,7.871642593,0.006468321,0.001202032,0.002810003,2,4,2,1,2,0.0018964310875162482,0.006410932168364525,0.9916926622390747
train,L5,7.583847561,13.09331085,22.17156923,2.547603621,1.978142854,0.010170289,0.000152753,0.000765977,2,5,2,1,,,,
train,L3,5.734767671,6.07518239,28.13262147,5.341335967,9.831318197,0.00333397,0.00046125,0.006412781,2,6,2,1,,,,
train,L1,8.124861646,16.41096531,19.80797826,2.930867881,4.434548492,0.01919894,0.001863666,0.014110814,2,7,2,1,,,,
train,L4,6.234669576,17.29671493,18.83185891,6.902366684,7.97711085,0.01704647,0.001817736,0.015910068,2,8,2,1,,,,
validation_holdout,L2,8.643190013,17.0070296,33.36478173,9.507857266,4.083319745,0.017289413,0.001564768,0.00626718,2,9,2,1,2,0.0020965603180229664,0.003844051156193018,0.9940594434738159
train,L4,6.217988742,18.41906741,17.03607366,7.29422186,6.649019894,0.008194798,4.86e-05,0.010165251,2,10,2,1,,,,
train,L2,6.167407022,5.418699893,25.11915815,2.614424387,2.728144763,0.015270988,0.000660743,0.008711819,2,11,2,1,,,,
train,L2,5.627923837,15.22331761,19.41705566,4.83732964,2.314189174,0.002963135,0.001259638,0.008505194,2,12,2,1,,,,
train,L4,7.152234308,9.480520197,15.77859927,6.405307036,9.442577256,0.000271518,0.000557629,0.0050113,2,13,2,1,,,,
train,L5,7.476943966,16.91897178,15.72037637,5.225662049,9.258825501,0.000497461,0.001820078,0.003159237,2,14,2,1,,,,
train,L2,5.729980238,14.7055682,18.50443544,8.669152084,8.987220462,0.011773375,0.00127144,0.004335427,2,15,2,1,,,,
train,L2,8.214346658,15.64072521,32.33540709,8.517368038,6.628901051,0.009162359,0.000153094,0.001578982,2,16,2,1,,,,
train,L4,7.086510922,13.29515583,20.64957488,6.894648161,8.274413901,0.010408505,0.001818921,0.004363549,2,17,2,1,,,,
train,L2,7.335365943,3.959861005,34.00918341,4.987663561,1.621332432,0.000248516,0.001915956,0.000679418,2,18,2,1,,,,
validation_holdout,L2,7.042669614,11.12802492,26.63244586,4.04269099,4.013101377,0.008511464,0.000164648,0.012731539,2,19,2,1,2,0.0025405834894627333,0.011992264539003372,0.9854671955108643
train,L4,6.902670713,19.70105992,23.7322838,2.846994546,3.823328123,0.014389556,0.001069397,0.00666932,2,20,2,1,,,,
validation_holdout,L4,7.45874116,18.7790673,26.60177669,4.839181468,6.720807898,0.008909605,0.000613695,0.019476322,2,21,2,1,2,0.0019291407661512494,0.001622285577468574,0.9964485168457031
train,L1,6.043340861,1.341887848,25.3339677,5.305380138,4.203619961,0.014671162,0.00079175,0.004277482,1,22,2,1,,,,
train,L5,6.136748457,3.713888907,30.17552508,7.406583401,2.336561035,0.004737077,0.000367506,0.007243657,1,23,2,1,,,,
train,L5,8.516249674,3.068711082,20.64992132,7.265278594,6.368203679,0.016281526,0.001160363,0.007477903,2,0,3,1,,,,
train,L2,8.811404117,14.65660824,22.06100783,2.560865117,8.329455286,0.011809782,0.001916379,0.000664804,2,1,3,1,,,,
train,L5,6.806582607,16.44681393,32.88188605,5.162074523,4.43911145,0.004294186,0.001011114,0.016864555,2,2,3,1,,,,
train,L2,6.447606356,4.663471643,33.92913026,3.454230938,2.190418436,0.004810737,0.000175,0.001123892,1,3,3,1,,,,
train,L1,7.753998401,10.36412751,32.85116455,3.254501643,2.770193776,0.012597806,0.001243803,0.018833507,2,4,3,1,,,,
train,L4,6.930569599,16.89370905,23.38895988,8.618417198,3.137349747,0.016615798,0.000687044,0.01789545,2,5,3,1,,,,
train,L4,5.588852245,14.78963012,30.60731006,2.335321734,3.699078337,0.008370993,0.001713291,0.010942677,2,6,3,1,,,,
train,L4,6.046534091,11.07362551,24.52671467,5.353463007,6.785155635,0.005240179,0.00087501,0.011100114,2,7,3,1,,,,
train,L5,8.005902801,12.01177996,24.95079704,3.345629246,6.408509361,0.017353531,0.000393751,0.013248669,2,8,3,1,,,,
train,L1,7.806233797,10.41303066,19.09360218,9.034641725,7.264718754,0.013418439,0.0003903,0.008047475,2,9,3,1,,,,
train,L5,5.594835974,6.302194801,26.82260607,6.456324106,4.262517861,0.009016901,0.001539841,0.013120835,2,10,3,1,,,,
train,L5,6.276902567,11.51792886,18.72271796,3.851045091,8.415978867,0.009809214,0.000538519,0.001372984,2,11,3,1,,,,
train,L1,6.308761788,13.93326339,21.63129398,6.019418297,2.83678895,0.004164704,0.001536794,0.001553929,2,12,3,1,,,,
train,L1,7.851624603,17.52979686,32.10060403,7.851890878,5.221366728,0.012573372,0.000419716,0.009415993,2,13,3,1,,,,
train,L1,5.568986882,12.9076814,19.14151618,9.664944071,8.208448494,0.007238976,0.000650156,0.011217635,2,14,3,1,,,,
train,L1,5.864380037,15.34186997,16.4231657,3.763568034,2.62142783,0.019913339,0.000936319,0.017812444,2,15,3,1,,,,
validation_holdout,L4,8.299706299,3.621396882,16.38015185,9.089454177,1.988768024,0.009655652,0.00188696,0.002540882,2,16,3,1,2,0.0125762103125453,0.2624714970588684,0.7249522805213928
train,L3,6.124906317,9.500370751,33.81569041,9.474432913,8.953155709,0.009769124,0.001864146,0.016541635,2,17,3,1,,,,
train,L3,7.784611377,0.681966587,25.13840876,9.331364356,4.086366965,0.011360451,0.000421675,0.004595923,1,18,3,1,,,,
train,L1,6.333639734,5.310237858,23.18824144,7.083314855,7.154831124,0.018343444,0.000722856,0.008184631,2,19,3,1,,,,
train,L3,5.848044875,14.66600344,31.21757162,7.038565235,1.228137438,0.01603628,0.000307305,0.006673747,2,20,3,1,,,,
train,L3,6.351102668,19.84029405,31.71651856,5.225685065,7.210421996,0.009077488,0.00102487,0.008303028,2,21,3,1,,,,
train,L1,8.027934261,2.433972942,21.64382066,8.019183058,3.844911804,0.014402115,0.000926559,0.003434662,1,22,3,1,,,,
validation_holdout,L3,8.494937638,8.329139159,28.87236115,6.250352147,1.501667682,0.011766086,0.001802513,0.010319616,2,23,3,1,2,0.004735369700938463,0.04293258115649223,0.9523320198059082
train,L5,8.405769526,16.10138389,30.42245632,7.41950457,6.488314854,0.009898104,0.001860711,0.016132031,2,0,4,1,,,,
train,L2,6.890142354,4.478694875,28.09301374,5.427663231,3.167234345,0.003927084,0.000773299,0.009109913,1,1,4,1,,,,
train,L2,7.838297978,11.32415651,18.0319015,7.851971712,4.481265178,0.009332332,0.000988559,0.010066965,2,2,4,1,,,,
train,L1,6.217445034,14.79489027,32.51766167,8.595772141,1.725227311,0.00499179,0.00179351,0.017050968,2,3,4,1,,,,
train,L4,6.526017056,12.51171628,25.78189105,3.171490053,2.32446926,0.018305359,0.001615349,0.014268133,2,4,4,1,,,,
train,L1,8.637175365,4.166482325,20.64944853,8.663437725,3.681795119,0.006774596,1.73e-05,0.010063861,1,5,4,1,,,,
train,L4,5.545506732,7.429999089,23.50456371,6.322372254,1.807835505,0.019050054,0.000646919,0.005525065,2,6,4,1,,,,
train,L2,5.799279858,15.7839398,15.75142181,8.757327273,9.197436382,0.0107078,0.000849331,0.017756072,2,7,4,1,,,,
train,L1,6.227601893,11.30741703,17.55733602,5.450413651,1.054423389,0.012667733,0.000467135,0.011751898,2,8,4,1,,,,
train,L5,5.592862714,0.601977464,30.31093501,5.032323883,5.35474197,0.010904515,0.000407148,0.004812378,2,9,4,1,,,,
train,L3,6.135024023,15.33931982,15.0002327,9.32048586,2.109227123,0.002674674,8.52e-05,0.005747835,2,10,4,1,,,,
validation_holdout,L4,7.540645463,1.188571421,23.33131657,4.00935414,3.769111805,0.007578842,0.001290306,0.016161095,2,11,4,1,2,0.005445487331598997,0.10914478451013565,0.8854097127914429
train,L3,6.974985927,15.04180876,25.45020362,8.753698602,9.334536038,0.002073008,0.000532395,0.001360838,2,12,4,1,,,,
train,L3,8.624350989,4.448370923,16.0926884,5.87216458,2.455250979,0.012496785,0.000114171,0.019845798,2,13,4,1,,,,
validation_holdout,L1,8.361052466,19.18243286,34.46156326,6.11276354,9.692490877,0.008992796,0.000469649,0.003041858,2,14,4,1,2,0.00181421113666147,0.0013135335175320506,0.9968722462654114
train,L3,6.696360731,7.67484465,19.52250662,4.467746252,2.852149393,0.015581901,0.001605809,0.016023336,2,15,4,1,,,,
train,L5,6.407982017,6.875166519,21.08397439,6.584337605,7.674094976,0.004487363,0.001704463,0.008198119,2,16,4,1,,,,
train,L3,6.828923429,3.403316981,21.07885025,4.60168957,5.920095384,0.003374865,0.000971302,0.010098216,1,17,4,1,,,,
train,L1,7.566032299,6.459282202,19.60833324,2.314155314,8.960308548,0.008186011,0.000837981,0.017672686,2,18,4,1,,,,
train,L5,6.438222743,17.59468986,15.02947644,4.175988843,5.9859393,0.018539049,0.001955929,0.008551768,2,19,4,1,,,,
train,L2,7.684521177,19.92851958,29.58689588,2.051032347,5.811032972,0.014237394,0.000409124,0.010981128,2,20,4,1,,,,
train,L3,6.932940783,7.682035845,34.33691,9.826838296,2.759122003,0.00843658,0.000438565,0.001461343,1,21,4,1,,,,
train,L1,7.432165133,9.247907304,19.48586967,9.725977679,2.496064258,0.010393716,0.000590816,0.000545776,1,22,4,1,,,,
train,L2,7.026442852,14.58038329,28.26094384,5.16124238,9.24840236,0.001775839,0.000353787,0.005273598,2,23,4,1,,,,
train,L2,6.530630158,17.78081772,29.83792654,7.826966835,3.95054379,0.01969306,0.000764938,0.01377137,2,0,5,1,,,,
train,L4,8.819586574,12.06436452,31.96850758,4.766448787,4.348740295,0.013361505,0.00182256,0.002864665,2,1,5,1,,,,
train,L5,8.17262028,8.134751114,23.45258394,7.368745257,7.838412926,0.005779541,0.001234542,0.002718358,2,2,5,1,,,,
train,L3,5.990396115,8.546125897,21.05861811,8.443440344,4.049411342,0.011757587,0.000829774,0.008513732,2,3,5,1,,,,
train,L1,8.539637916,14.06455386,21.50590268,9.574049958,9.56856202,0.002278699,0.001869477,0.013132822,2,4,5,1,,,,
train,L4,7.206009194,0.56275614,29.25242666,5.201698207,7.641349921,0.01932015,0.000106444,0.014385404,2,5,5,1,,,,
train,L5,8.630932794,12.58199208,31.33558933,8.266383864,6.376863183,0.003578221,0.00042845,0.003979788,2,6,5,1,,,,
validation_holdout,L4,8.299493396,7.432113704,18.63227936,4.127427605,8.928056445,0.012995803,0.001136118,0.002051969,2,7,5,1,2,0.0023223955649882555,0.006833599414676428,0.9908439517021179
train,L5,6.988247266,15.98684796,22.41882016,9.92265843,1.446453175,0.004984544,0.00123495,0.018837742,2,8,5,1,,,,
train,L5,5.578642579,2.313317477,33.03880393,2.20615679,3.31356423,0.014379472,8.87e-05,0.005582994,2,9,5,1,,,,
train,L3,6.440370758,11.96994421,31.13387039,6.828230452,5.185327008,0.015558745,0.000812047,0.017140257,2,10,5,1,,,,
train,L5,7.395719751,9.878971353,34.69716806,7.276047853,3.042806855,0.013501053,0.001301816,0.017338083,2,11,5,1,,,,
train,L4,7.717173769,13.02534776,30.08496519,7.504364457,7.695146686,0.012328539,0.00139916,0.015564191,2,12,5,1,,,,
train,L5,6.402606899,1.764645092,22.86390402,2.96310063,9.272872279,0.017860135,0.001279898,0.003792255,2,13,5,1,,,,
train,L3,5.987746259,11.80968385,26.81275668,9.508238268,4.813931079,0.001664672,0.000647921,0.016525128,2,14,5,1,,,,
train,L3,8.422255829,11.44894947,28.22028508,3.449466232,4.079193401,0.006685204,0.000196105,0.015500386,2,15,5,1,,,,
train,L4,8.945407632,11.43287184,16.56911633,6.982027226,9.653956589,0.005040921,0.000859954,0.012136098,2,16,5,1,,,,
validation_holdout,L2,7.339915638,12.2680095,25.88993918,3.781408633,5.003671895,0.019761478,0.000266221,0.00707544,2,17,5,1,2,0.0021983676124364138,0.0029242660384625196,0.9948773980140686
validation_holdout,L2,6.1008775,13.69112478,29.18641657,4.457731336,5.401435604,0.007848857,0.001895771,0.005618918,2,18,5,1,2,0.0018326743738725781,0.0022853028494864702,0.9958820343017578
train,L5,6.453075643,16.19728549,18.34642608,6.371668334,4.164848851,0.014678993,0.00095559,0.00287684,2,19,5,1,,,,
train,L1,5.564367368,5.761504043,30.61263435,5.337547349,9.185936257,0.013726031,0.000641346,0.010440263,2,20,5,1,,,,
train,L5,8.700045823,16.5884635,26.67545561,3.281804808,6.12059935,0.004320417,0.001534945,0.011912587,2,21,5,1,,,,
train,L4,5.91212879,10.2159858,34.04443571,3.367491219,7.859571285,0.004856054,0.001000918,0.00750711,2,22,5,1,,,,
validation_holdout,L4,7.517807664,2.002636443,15.84844596,5.345158305,8.306260465,0.005697563,0.000626968,0.009769502,2,23,5,1,2,0.0056311022490262985,0.07224898785352707,0.9221199154853821
validation_holdout,L4,6.459193272,1.64174312,20.30652275,8.058263826,4.076641377,0.008281433,0.001625816,0.007588532,2,0,6,1,2,0.00893310271203518,0.3680397868156433,0.6230271458625793
train,L4,7.439623009,7.017647215,27.03107759,9.183717175,4.903248982,0.004763069,0.001735633,0.012999618,2,1,6,1,,,,
train,L4,7.779971359,15.80549105,20.93119824,2.673021298,8.63624597,0.000491065,0.001349286,0.018074555,2,2,6,1,,,,
train,L3,8.404096313,14.29977823,29.28848328,5.14483126,4.269298165,0.017599922,0.000103459,0.003696445,2,3,6,1,,,,
train,L2,6.222474451,15.87799181,30.18010565,2.80196451,8.145416201,0.019315636,0.001136983,0.007937472,2,4,6,1,,,,
validation_holdout,L4,5.5384854,10.5867466,17.05031928,2.132739845,9.468930903,0.006897251,0.001528957,0.003246938,2,5,6,1,2,0.002385833766311407,0.0017830639844760299,0.9958310723304749
train,L1,5.979099705,9.08388046,25.27708928,7.293749461,6.608893358,0.006836287,0.000281641,0.012686404,2,6,6,1,,,,
train,L1,8.650065246,3.375324271,25.17781111,6.819595536,7.674645587,0.000241127,0.000465055,0.014712975,2,7,6,1,,,,
train,L1,8.558615271,6.899758695,22.3856154,3.304152911,8.245875808,0.013636989,0.001766165,0.018672298,2,8,6,1,,,,
validation_holdout,L1,7.590945858,8.96337764,33.65849725,3.870502665,8.60535684,0.016526254,5e-05,0.005938003,2,9,6,1,2,0.0018137163715437055,0.004155839327722788,0.9940304160118103
train,L3,7.601809012,2.227708379,31.5501264,2.189662029,4.555480041,0.003017505,0.001507927,0.019029119,2,10,6,1,,,,
train,L1,7.827628361,4.801933078,28.94418764,8.679577646,1.461371133,0.00327736,0.000952809,0.001733622,0,11,6,1,,,,
train,L4,6.113799475,12.16539323,29.28653271,9.797524768,4.616886441,0.015822657,0.000899077,0.01225877,2,12,6,1,,,,
train,L5,8.700441811,14.84543073,24.23432288,3.083676294,7.063806068,0.012364186,2.41e-05,0.001614088,2,13,6,1,,,,
train,L1,6.965696837,19.96777647,33.41989042,3.85180171,5.053153472,0.000992725,0.001640602,0.017928597,2,14,6,1,,,,
validation_holdout,L3,6.840984849,18.69570996,28.89190855,8.947276192,7.740668358,0.012488685,0.000726052,0.010831277,2,15,6,1,2,0.0018142577027902007,0.002229096135124564,0.9959565997123718
train,L3,7.316211968,13.03002139,29.57962123,9.411710384,4.212841865,0.006247463,0.001086124,0.013552293,2,16,6,1,,,,
train,L1,5.664380884,8.714337039,32.23381808,5.357019062,6.71269727,0.007437631,0.001357828,0.016715692,2,17,6,1,,,,
validation_holdout,L5,6.081991791,12.90545861,20.48143179,2.404979778,2.677778244,0.015417655,0.001408233,0.003431057,2,18,6,1,2,0.003113053971901536,0.005419149529188871,0.9914678335189819
validation_holdout,L1,8.083117657,15.82020655,31.14141808,2.31513467,7.74432493,0.01623761,0.0019124,0.001252535,2,19,6,1,2,0.002722689649090171,0.0006994039285928011,0.9965779185295105
train,L3,5.789795338,2.807555723,18.90481206,6.591598929,5.911263719,0.008067097,0.001067367,0.017638182,2,20,6,1,,,,
train,L2,7.611032383,8.493145349,21.90683904,5.143160871,2.836579497,0.018948343,0.000805442,0.006641198,2,21,6,1,,,,
train,L4,6.358721884,16.87614457,21.71220909,2.229219421,3.627200561,0.008188608,0.00190787,0.003015089,2,22,6,1,,,,
train,L3,6.862534649,7.984742563,34.57050937,6.666019139,7.737478377,0.015459537,0.001287799,0.009634994,2,23,6,1,,,,
train,L1,6.510428079,11.65150929,32.13074447,2.090420293,5.343411121,0.009729158,0.000603319,0.012166968,2,0,0,1,,,,
train,L4,6.744854508,11.96150254,29.02339723,8.298975665,2.944282964,0.017960893,0.000261664,0.001103927,2,1,0,1,,,,
train,L1,8.016660668,4.097286936,29.54113523,4.451462582,9.705440713,0.018164449,0.001686683,0.005860465,2,2,0,1,,,,
train,L1,6.539926005,7.563591112,26.24145589,2.322064024,7.436125178,0.001839594,0.000730741,0.001139598,2,3,0,1,,,,
validation_holdout,L2,7.482416241,7.02297013,33.94181334,6.706817768,9.614213493,0.018736217,0.001324335,0.00869654,2,4,0,1,2,0.0014367036055773497,0.0019084613304585218,0.9966548681259155
train,L4,7.166176408,1.010835816,24.92517506,5.181475315,4.843945408,0.016528143,0.000946925,0.017954451,2,5,0,1,,,,
train,L4,7.822849079,0.971739396,22.6103542,9.790403307,5.275903066,0.015847083,0.00040587,0.019661722,2,6,0,1,,,,
validation_holdout,L2,8.778904088,16.71809235,18.26070674,6.3535893,9.081596946,0.004098136,0.001207356,0.012922427,2,7,0,1,2,0.0024471976794302464,0.0010485751554369926,0.9965041875839233
train,L3,8.06400234,5.824880794,30.72411305,4.201913448,5.725444062,0.016121872,0.000130759,0.003651935,2,8,0,1,,,,
train,L1,6.252291325,10.60253594,29.68887864,7.675510917,7.365510207,0.017017641,0.000832551,0.018164063,2,9,0,1,,,,
train,L5,5.609140973,6.325148685,22.68710077,4.17193602,3.269555897,0.005854092,0.001097764,0.010566833,2,10,0,1,,,,
train,L1,6.417924155,18.84324528,15.50386828,9.233946331,5.020538218,0.019049976,0.000877733,0.003498112,2,11,0,1,,,,
train,L1,7.582772757,5.556286798,31.77994655,4.997775764,2.111048792,0.001092217,0.001499858,0.01847367,2,12,0,1,,,,
train,L3,5.679990347,8.878307848,15.22835967,6.398948502,2.853820323,0.003083194,0.001657571,0.015270646,2,13,0,1,,,,
train,L1,7.237281865,17.51823988,29.07399559,2.404584831,1.008490737,0.010797865,0.001544774,0.014768253,2,14,0,1,,,,
train,L2,7.588949971,16.91770455,34.40514219,5.408969904,1.353385465,0.01155827,8.72e-05,0.014329024,2,15,0,1,,,,
train,L2,6.669853618,4.128977648,23.75322656,8.658908317,9.795554409,0.012938487,0.000396316,0.004406627,2,16,0,1,,,,
train,L4,8.198192713,16.15154454,19.6994681,8.445190443,3.181183256,0.000437686,0.001077849,0.00461463,2,17,0,1,,,,
validation_holdout,L5,5.873093886,9.434644291,29.0974202,3.794548471,6.969796386,0.019211299,0.001870296,0.013921713,2,18,0,1,2,0.0017553875222802162,0.001229476067237556,0.997015118598938
train,L1,5.762982236,9.917893006,31.34256284,3.808632568,8.551897289,0.000987303,0.001671564,0.004784594,2,19,0,1,,,,
train,L1,8.048660647,3.102859462,25.92860632,8.538442498,5.955944133,0.002946933,0.001686644,0.009054098,2,20,0,1,,,,
train,L3,7.234219607,2.071729518,34.34070551,9.443187361,2.378300501,0.000378889,0.000613384,0.015749036,2,21,0,1,,,,
train,L2,7.909408387,14.69481649,16.03337443,2.76288737,7.553047936,0.011380483,0.000864601,0.015787074,2,22,0,1,,,,
train,L5,7.021895685,10.18099247,25.09591197,5.600469115,6.402262691,0.018652111,0.000946705,0.009338605,2,23,0,1,,,,
train,L4,6.362407116,9.018588701,29.36907895,4.699634232,7.581255304,0.013352349,0.000323169,0.015947704,2,0,1,1,,,,
train,L2,8.366858112,14.72541046,32.25280942,8.965507644,7.927719606,0.016470884,7.18e-05,0.016853125,2,1,1,1,,,,
train,L4,8.297955576,15.42750153,18.58511224,2.668199317,9.778693309,0.000364296,0.001894337,0.013268127,2,2,1,1,,,,
train,L3,7.931437648,3.59870927,31.00006964,3.68900754,6.16206952,0.010886104,0.000489018,0.004954304,2,3,1,1,,,,
train,L3,6.45250798,12.39939041,26.05414151,8.019746701,4.074770014,0.009245303,0.000487498,0.00584323,2,4,1,1,,,,
train,L1,7.565807334,3.139404604,22.93107364,2.410350792,6.836181012,0.010029462,0.000175924,0.006639403,2,5,1,1,,,,
train,L5,6.763408639,15.15181418,17.63430057,5.940283046,1.615966383,0.001537042,0.00185773,0.00277768,2,6,1,1,,,,
validation_holdout,L4,5.820537257,13.31062555,32.30591518,5.536856277,9.076575865,0.013720264,0.001163677,0.005826613,2,7,1,1,2,0.0013856121804565191,0.002697031944990158,0.9959173798561096
train,L2,8.710597514,19.15398511,18.14546416,4.675209432,2.074429102,0.010114086,0.001337403,0.004585625,2,8,1,1,,,,
train,L3,5.978865208,1.844681319,21.19575718,5.156578523,3.950585541,0.015326462,0.001824038,0.009378911,2,9,1,1,,,,
validation_holdout,L1,8.825830738,1.612567062,20.80091064,6.239524695,8.341708426,0.009757284,0.000697784,0.018214532,2,10,1,1,2,0.002556315390393138,0.009303776547312737,0.9881398677825928
validation_holdout,L1,7.061020205,6.002647957,32.42828068,3.290938867,6.375811405,0.003072695,0.0012468,0.002537366,2,11,1,1,2,0.0024322837125509977,0.01620311848819256,0.9813645482063293
train,L4,6.147965251,5.603260833,28.45405988,6.575967026,4.542719682,0.013000313,8.72e-05,0.014545225,1,12,1,1,,,,
train,L3,7.396653316,5.316086582,30.93362794,8.443458634,5.260920934,0.003530489,0.000381677,0.013902019,1,13,1,1,,,,
train,L5,8.555310426,18.17196432,20.00935798,8.081287438,8.690926539,0.017460652,0.001664179,0.002367207,2,14,1,1,,,,
validation_holdout,L3,8.062787102,5.366150897,27.49748199,3.231199238,4.060039475,0.012301013,0.001535869,0.018490162,2,15,1,1,2,0.0022287440951913595,0.005996498744934797,0.9917746782302856
train,L4,8.322964018,5.80301966,26.43491966,3.193995758,8.826847163,0.003228357,0.000707779,0.011585208,2,16,1,1,,,,
train,L4,7.805741783,15.30826612,31.65660754,4.145394942,1.793209879,0.019250527,0.000759853,0.007592648,2,17,1,1,,,,
train,L3,7.922967976,9.269926928,33.12174121,4.888597811,7.991185935,0.010415473,0.001071773,0.015252502,2,18,1,1,,,,
train,L4,8.47218478,15.64585586,15.24313543,5.267644651,8.627928697,0.001550679,1.05e-05,0.005518626,2,19,1,1,,,,
train,L3,6.373838031,1.774640073,28.48039838,7.437577735,2.636358876,0.012573975,0.000490076,0.014023442,1,20,1,1,,,,
train,L2,7.212987373,10.00763828,16.03671598,2.453443457,4.873118791,0.005138658,0.000424381,0.001274369,2,21,1,1,,,,
train,L3,6.274233046,1.155465204,25.9771733,2.277381634,2.489497972,0.0160935,0.000508461,0.016868457,2,22,1,1,,,,
train,L3,8.956838028,1.721737467,20.75265458,5.135284504,7.359437161,0.016374659,0.001613753,0.009239332,2,23,1,1,,,,
validation_holdout,L4,8.804207689,18.17553034,21.13553199,7.577309537,5.818129913,0.019581052,0.000566551,0.012915512,2,0,2,1,2,0.00210600346326828,0.0037422641180455685,0.994151771068573
train,L4,5.63799384,3.215284737,22.05917007,3.547482744,6.71791012,0.010087204,0.000391127,0.004814137,2,1,2,1,,,,
train,L1,7.969513104,10.8822033,27.42584898,7.13203585,2.768382703,0.009153642,0.001013484,0.013702937,2,2,2,1,,,,
validation_holdout,L1,8.738369111,8.516364251,21.68099931,4.078625104,2.905712758,0.015094165,0.001732634,0.015558685,2,3,2,1,2,0.0024618476163595915,0.003866621758788824,0.9936715364456177
train,L2,6.132013708,7.273194862,29.65398101,9.088688871,1.37347593,0.002736166,0.000490286,0.009727657,1,4,2,1,,,,
train,L1,7.487808307,18.04675024,23.09054771,9.165519554,3.898607817,0.010983619,0.000166287,0.012545675,2,5,2,1,,,,
validation_holdout,L3,8.704209042,0.925556237,16.36706401,4.378297634,6.037701952,0.010970327,0.000719245,0.009398356,2,6,2,1,2,0.004996277391910553,0.04971718415617943,0.9452865719795227
train,L4,5.618810925,13.44389888,30.67519685,3.839950032,8.721414226,0.001880515,0.001497827,0.017934782,2,7,2,1,,,,
train,L1,7.940970935,19.28619147,20.71516649,5.290431777,7.002347027,0.008417883,0.001105874,0.010208449,2,8,2,1,,,,
train,L1,6.540721526,11.42327958,23.65533759,3.924252681,4.918566911,0.017080367,0.001635419,0.01691527,2,9,2,1,,,,
validation_holdout,L2,8.735386684,18.76803801,28.70887766,7.379070746,9.57808103,0.017137457,0.001919588,0.016126365,2,10,2,1,2,0.002609704388305545,0.0005406249547377229,0.9968497157096863
train,L2,8.898703858,1.519028646,21.64912314,8.608517476,7.473206805,0.00207483,0.001587398,0.008504844,2,11,2,1,,,,
train,L3,8.804932712,8.666469722,16.13171312,7.384737047,9.371486826,0.001905346,0.001211568,0.004986648,2,12,2,1,,,,
train,L4,7.159749758,5.573076924,22.47842094,8.594803578,5.748291759,0.00532764,0.00099175,0.008418602,1,13,2,1,,,,
train,L2,8.517149278,14.75100882,33.88897165,5.175937298,3.330138473,0.017507845,8.97e-05,0.016611239,2,14,2,1,,,,
train,L1,8.455922895,19.63529326,27.83468795,3.250535766,1.475440177,0.002665161,0.001968801,0.004938834,2,15,2,1,,,,
train,L4,6.616851656,5.502336218,28.42958297,7.903607579,7.534763663,0.014427936,0.000773127,0.010726509,2,16,2,1,,,,
train,L4,8.40120416,13.25640473,27.64564307,4.883796041,2.091726982,0.002113196,0.000312934,0.016218887,2,17,2,1,,,,
train,L1,5.629526722,4.362903839,18.97984278,7.370166602,3.724976154,0.012500443,0.001336751,0.007392811,2,18,2,1,,,,
train,L2,7.586944575,11.52393996,23.36667728,4.165151536,5.792238171,0.007185739,0.000575734,0.013023088,2,19,2,1,,,,
train,L1,6.305030931,9.54668349,30.01879597,2.649837078,6.07974929,0.015799388,0.001175699,0.005289816,2,20,2,1,,,,
train,L4,5.9219841,19.45410393,17.02745795,9.940654364,6.405248773,0.00475044,0.001177668,0.002630949,2,21,2,1,,,,
validation_holdout,L5,5.769336206,12.36628182,20.55705552,3.249612063,2.496297973,0.012820116,0.000897002,0.015990492,2,22,2,1,2,0.002522279042750597,0.005430853459984064,0.9920468330383301
train,L5,7.937010716,7.315374256,20.52638217,9.907367952,4.417636643,0.004790082,0.001673876,0.002429888,2,23,2,1,,,,
validation_holdout,L3,6.689562373,2.724867805,23.64037855,9.818239461,6.554748044,0.01430184,0.000537284,0.005791937,2,0,3,1,2,0.004976925440132618,0.137453094124794,0.8575699925422668
train,L1,8.0366837,3.44931316,34.60737482,8.350544831,9.728369782,0.017486193,0.000902779,0.017174634,2,1,3,1,,,,
train,L1,5.728747193,4.893680134,16.35005093,7.275383697,7.548680239,0.002623356,0.001080007,0.007256151,2,2,3,1,,,,
train,L3,6.603516182,5.393849896,25.37401989,6.622456402,9.303433814,0.017345254,0.001330613,0.019474384,2,3,3,1,,,,
train,L3,7.388219523,17.08701313,18.58729364,8.928812363,7.859908525,0.011912148,0.001570104,0.01960482,2,4,3,1,,,,
validation_holdout,L3,8.267531077,11.44384437,34.41353091,4.315516173,6.32545272,0.002629499,0.000795666,0.005731382,2,5,3,1,2,0.0023112932685762644,0.01651616394519806,0.981172502040863
train,L4,6.61563376,10.70612277,17.26607009,5.7414497,2.728210322,0.008608083,0.001295633,0.001299075,2,6,3,1,,,,
train,L1,7.690619818,2.737993001,23.07202005,6.955119755,7.000170867,0.00330112,0.000309716,0.014248734,2,7,3,1,,,,
train,L4,8.600922119,17.27272402,29.7576997,5.289523807,6.610416094,0.014036923,0.00186597,0.009294237,2,8,3,1,,,,
train,L3,7.655521159,14.59487891,29.09108856,5.419891633,6.422222534,0.015201476,0.000772287,0.00246468,2,9,3,1,,,,
validation_holdout,L1,6.315358162,1.819533057,23.45457274,4.64227734,5.408072812,0.002205351,0.001461748,0.014296695,1,10,3,1,2,0.002749012317508459,0.01982482522726059,0.9774262309074402
train,L4,5.585402735,14.3027844,21.93048336,6.513854533,5.757909436,0.010172183,5.05e-05,0.001107911,2,11,3,1,,,,
validation_holdout,L4,8.545346059,11.09899524,22.95224757,8.804596224,4.009982744,0.016311039,0.000418322,0.017468835,2,12,3,1,2,0.0036788557190448046,0.02375958114862442,0.9725615382194519
train,L3,5.574442938,2.093644242,20.28552526,3.612227024,5.673814234,0.018729645,0.000979294,0.003203724,2,13,3,1,,,,
validation_holdout,L1,8.561455854,9.43686251,19.10665877,9.47546431,2.778003151,0.010319006,0.001757722,0.002982582,2,14,3,1,2,0.006299261003732681,0.04038381204009056,0.953316867351532
validation_holdout,L3,7.351279969,9.951577599,24.66079395,7.51270123,8.246569576,0.019010557,0.001059238,0.00392561,2,15,3,1,2,0.001976707251742482,0.0035560023970901966,0.9944672584533691
train,L1,8.786736945,3.732603533,20.37067512,8.586185701,2.671992592,0.010760211,0.001860442,0.019225194,2,16,3,1,,,,
train,L5,8.295741325,18.94111387,20.7492333,6.449525541,1.764696609,0.007944391,0.000972756,0.014016803,2,17,3,1,,,,
train,L2,8.992769387,17.07451974,28.13512127,8.236133611,4.926214237,0.016979242,0.000985994,0.016126745,2,18,3,1,,,,
train,L2,6.727491354,13.54593558,34.37074663,2.129603179,6.924766956,0.009910356,0.000248296,0.008253882,2,19,3,1,,,,
train,L2,8.185159011,9.51476344,27.07274401,8.547043398,4.939451424,0.00949086,0.001607286,0.007058098,2,20,3,1,,,,
train,L3,6.906758198,8.529428061,16.53958934,2.321110873,3.490787188,0.009857219,0.000501461,0.005072438,2,21,3,1,,,,
validation_holdout,L5,7.179564671,13.19398261,16.51167228,9.119307011,6.023540655,0.016951022,0.001800229,0.009872637,2,22,3,1,2,0.0024602694902569056,0.002761734649538994,0.994778037071228
train,L1,7.696269121,11.13592145,34.02846442,9.935701978,4.123021019,0.016655637,0.00182254,0.01126066,2,23,3,1,,,,
validation_holdout,L4,8.5578699,1.714325565,20.94581581,4.352539697,9.395809211,0.008130048,0.001887187,0.012819609,2,0,4,1,2,0.002088586799800396,0.01021384447813034,0.9876975417137146
train,L1,8.944292142,10.49380165,16.84133972,3.68254845,9.303806256,0.006732667,0.001045259,0.005513811,2,1,4,1,,,,
train,L4,8.188956949,16.22487054,26.98089174,8.122906911,5.52134638,0.009889368,0.001357417,0.018998755,2,2,4,1,,,,
train,L1,6.962183738,9.455177613,27.47297557,4.024210727,3.950955946,0.011498173,0.001559247,0.003810291,2,3,4,1,,,,
validation_holdout,L5,6.974749508,1.513153262,27.9700964,8.924499065,7.634191726,0.00484291,0.000270719,0.019330237,2,4,4,1,2,0.0038522633258253336,0.09280949831008911,0.9033381938934326
train,L4,8.081538056,15.83242489,20.34804056,2.822740737,1.330416491,0.015899706,0.001205905,0.000789694,2,5,4,1,,,,
validation_holdout,L3,6.33572001,4.426593752,15.30221368,3.007641571,5.272921054,0.009781007,7.83e-05,0.009881951,1,6,4,1,2,0.004170597996562719,0.034613240510225296,0.9612160921096802
train,L1,5.886659396,5.54310628,34.30030739,9.833212441,4.026910548,0.006747506,0.001000157,0.007000673,2,7,4,1,,,,
train,L1,6.741177552,3.711773892,20.01786091,7.390711186,9.284822966,0.002225738,0.000318137,0.009257907,2,8,4,1,,,,
train,L4,6.505336471,6.939193765,28.52052576,8.775097795,1.108027245,0.004853019,0.000374017,0.011627959,1,9,4,1,,,,
train,L3,6.537078422,15.25665436,29.1325974,4.594635019,5.975333881,0.018990695,0.000736445,0.008993989,2,10,4,1,,,,
train,L3,6.317627129,10.62802426,27.20014834,7.411869996,7.66597223,0.006171484,0.00087055,0.008589514,2,11,4,1,,,,
train,L5,5.647326164,4.495184846,21.25814788,6.753934618,5.365161888,0.0034603,0.001250113,0.014788107,2,12,4,1,,,,
train,L3,5.562558772,17.61768652,20.42192508,6.825200961,1.768627271,0.009267389,0.000158113,0.013874587,2,13,4,1,,,,
train,L3,8.957028364,17.65184617,26.95336565,7.460259676,9.75215251,0.006211046,0.001012347,0.01674879,2,14,4,1,,,,
train,L3,6.997205968,17.47627929,32.32191267,6.602873385,5.662093882,0.000799669,0.000373424,0.0053742,2,15,4,1,,,,
train,L2,6.845143265,5.156526122,33.93467458,5.432498954,6.527676199,0.00653059,0.001152211,0.012385806,2,16,4,1,,,,
validation_holdout,L5,7.878765489,9.299167212,17.11811609,4.207381555,3.129488044,0.010927762,0.001278435,0.011911298,1,17,4,1,2,0.003465739544481039,0.012080076150596142,0.9844542145729065
train,L1,6.263888608,19.70729829,18.09657225,8.148650647,5.351482766,0.011079076,0.001117851,0.007709887,2,18,4,1,,,,
validation_holdout,L4,8.824864144,15.55424329,33.89472518,3.81017944,4.862345428,0.007195523,0.001479208,0.009978122,2,19,4,1,2,0.0022952542640268803,0.007288448046892881,0.9904162883758545
train,L1,8.25220755,1.029764714,29.73070457,7.538834449,1.674062578,0.009001325,0.000677862,0.006618752,0,20,4,1,,,,
train,L5,5.812938508,1.77148953,32.6598765,3.866662581,1.955443182,0.019313807,0.001532562,0.003265966,2,21,4,1,,,,
train,L4,6.961532715,9.546661848,19.05265268,7.00264136,8.537252677,0.007609235,0.000871206,0.004669124,2,22,4,1,,,,
train,L5,8.576914076,18.22979401,26.75171742,7.976626137,3.15837957,0.005238714,0.000973527,0.002557516,2,23,4,1,,,,
train,L3,8.806562078,11.00468506,29.02279189,3.749711111,2.754624443,0.004944994,0.001299723,0.013819857,2,0,5,1,,,,
train,L4,7.135905289,10.20734391,28.60223771,2.479546407,5.544203061,0.009209516,4.65e-05,0.013384184,2,1,5,1,,,,
train,L3,7.646939862,2.556737149,23.16303382,3.047789944,7.918724182,0.015214451,0.001311449,0.019036824,2,2,5,1,,,,
train,L1,6.084618811,13.30721204,15.30789783,6.847975738,1.557518667,0.004199165,0.001240984,0.014728729,2,3,5,1,,,,
train,L1,8.969090191,16.53101163,26.65852114,8.79557125,6.191271277,0.014214993,0.000626596,0.001514894,2,4,5,1,,,,
validation_holdout,L4,6.310850955,7.918190146,20.06203078,2.35997457,2.072893986,0.000520881,0.000180731,0.017742781,2,5,5,1,2,0.005633225664496422,0.08667603880167007,0.907690703868866
train,L4,8.799561209,15.62443109,24.00508492,7.873210072,1.328149457,0.008436766,0.000190962,0.017322166,2,6,5,1,,,,
train,L5,7.773763271,19.30729475,34.1516203,4.730549168,1.474695569,0.015539715,0.001847215,0.009144746,2,7,5,1,,,,
train,L5,7.627078782,4.473445953,22.98070635,5.828226959,8.507476974,0.006840786,0.001381666,0.011924329,2,8,5,1,,,,
train,L3,7.294409789,10.70492781,31.79603213,9.430876399,2.061752353,0.011318368,0.000262934,0.019533527,2,9,5,1,,,,
train,L4,6.307344341,6.099190183,18.77081211,4.655772038,1.40636228,0.004179087,0.000719879,0.010879935,1,10,5,1,,,,
train,L1,6.117848112,15.96066117,28.44920996,5.722695472,4.941098984,0.014865708,0.001189041,0.018153776,2,11,5,1,,,,
train,L5,6.271701732,11.76307063,34.54013909,2.109459318,8.595941247,0.001140354,0.001672788,0.002119256,2,12,5,1,,,,
train,L5,6.152533918,12.87435714,17.03786202,2.65278976,3.361675388,0.017065599,9.69e-05,0.004225511,2,13,5,1,,,,
train,L1,8.228545657,16.05932611,15.16639884,4.068732729,4.795413558,0.004044108,0.0004809,0.009094721,2,14,5,1,,,,
train,L5,6.725438407,8.221424217,23.67165585,2.222817927,1.359302793,0.017500521,0.0017806,0.011902758,2,15,5,1,,,,
train,L3,5.702449368,18.34425633,16.85250966,7.051002608,5.041706627,0.007115332,2.82e-05,0.016416443,2,16,5,1,,,,
train,L4,8.891859205,10.89406291,29.96768699,5.411186854,6.198517726,0.014481403,0.000410784,0.019771111,2,17,5,1,,,,
validation_holdout,L1,8.593250597,3.580119045,33.29097328,6.385161622,6.138163484,0.006452583,0.001918458,0.008082604,2,18,5,1,2,0.0028051913250237703,0.01730111613869667,0.979893684387207
train,L4,8.747132991,14.0700328,23.68041945,3.397177487,3.99184023,0.018127642,0.00123067,0.001424605,2,19,5,1,,,,
train,L5,8.982177379,15.96859633,20.17423284,4.367456235,3.839798626,0.002620079,0.000530726,0.016122844,2,20,5,1,,,,
train,L5,6.108633372,6.676852703,23.68806638,7.310595799,1.95961257,0.003652544,0.000143312,0.012285424,1,21,5,1,,,,
validation_holdout,L1,6.886847066,17.21499551,29.46895636,9.722421789,4.301184886,0.009911299,6.61e-05,0.004371586,2,22,5,1,2,0.004209480248391628,0.03607713431119919,0.9597133994102478
train,L3,8.153834665,18.16979347,15.18108323,2.403334189,1.89545202,0.001730575,0.000497043,0.010149155,2,23,5,1,,,,
train,L2,7.936072163,5.899637504,26.78907979,9.123074567,7.899363502,0.004000006,0.001764157,0.01497505,2,0,6,1,,,,
train,L1,6.038635672,19.67866872,27.2658337,6.61504961,9.69646868,0.018880951,0.000837668,0.01552303,2,1,6,1,,,,
train,L2,8.355415937,3.243874797,27.75376494,6.511356534,9.73067011,0.019532144,0.001443463,0.010242559,2,2,6,1,,,,
train,L2,6.285542001,4.439305534,19.8404416,6.002228282,8.785639894,0.007587561,0.001837387,0.006451683,2,3,6,1,,,,
validation_holdout,L3,6.283361652,4.092384365,29.28105447,2.555152687,6.407129344,0.018473392,0.000822001,0.01948798,2,4,6,1,2,0.0017803356749936938,0.003196160541847348,0.9950234889984131
train,L2,7.37941048,17.93279935,16.82782973,2.719014814,7.307791275,0.010942011,0.000390642,0.013435571,2,5,6,1,,,,
train,L2,7.575289772,13.25870477,18.98540673,6.807296045,3.566852224,0.005467875,0.001039065,0.008460632,2,6,6,1,,,,
train,L3,7.530301727,3.466033523,32.54940093,4.727668571,6.676933782,0.014077735,0.001817087,0.005969033,2,7,6,1,,,,
train,L2,5.820203931,9.086306658,29.77446301,9.338144533,5.100845945,0.013212146,0.001610705,0.014756508,2,8,6,1,,,,
validation_holdout,L2,8.571113019,12.49831149,15.27491108,5.252724299,5.338156058,0.019783594,0.000141001,0.005222577,2,9,6,1,2,0.003525635926052928,0.004087828565388918,0.9923865795135498
train,L2,6.429600149,2.127549657,19.96752521,3.14625167,7.819989043,0.005374441,0.00138822,0.003848345,2,10,6,1,,,,
train,L1,5.953302224,17.70711918,19.28812966,7.717750668,3.5372652,0.013473984,0.001148076,0.010831761,2,11,6,1,,,,
train,L1,8.61061828,16.17026894,20.41612656,4.346827372,3.862356505,0.001135273,0.001815852,0.006154754,2,12,6,1,,,,
train,L1,8.844780244,10.35153208,19.95119541,6.203762459,9.32177612,0.002361556,0.000253738,0.01276365,2,13,6,1,,,,
train,L3,8.51744666,19.358969,16.25052591,7.582662284,1.506018654,0.000177976,0.001072732,0.002799804,2,14,6,1,,,,
train,L5,8.333306262,8.646339096,24.17881033,9.20211289,5.370708686,0.019989268,0.001760131,0.013271352,2,15,6,1,,,,
train,L2,7.793346932,19.69015122,29.6546695,8.337529558,9.215207204,0.016065247,0.000825947,0.006024282,2,16,6,1,,,,
train,L2,7.428000797,13.52443998,27.13463449,7.410888543,6.49326707,0.015755788,0.00096917,0.000504737,2,17,6,1,,,,
train,L3,5.80445366,12.87608983,28.45743337,7.437065459,5.917663668,0.010243549,0.000150217,0.002975253,2,18,6,1,,,,
train,L2,6.929586246,3.736120458,16.62298357,9.567397152,3.247697613,0.006071335,0.000563506,0.0187055,2,19,6,1,,,,
train,L1,6.80440981,17.69759129,34.0298142,4.36659278,4.089479402,0.003110159,0.000655768,0.017413415,2,20,6,1,,,,
train,L5,6.409138243,8.836048914,31.76983668,2.008896754,8.668435742,0.005765027,0.001890794,0.005055376,2,21,6,1,,,,
train,L4,8.031970398,3.663551413,31.10180637,4.175636475,6.032963186,0.007581827,0.000572508,0.015678252,2,22,6,1,,,,
train,L2,7.235565073,0.74584664,31.4596761,3.743131037,5.632679744,0.015150571,0.000927129,0.012367146,2,23,6,1,,,,
train,L1,5.783661756,11.41523583,33.65421016,7.294676681,1.896217422,0.01083927,0.001345896,0.019432642,2,0,0,1,,,,
train,L4,6.270641207,10.78429263,25.88507932,7.069692798,1.144253408,0.001641924,0.000332745,0.00778531,2,1,0,1,,,,
train,L5,7.891405673,14.52739564,19.00564036,6.747691062,9.673166698,0.000458777,0.00097802,0.013788482,2,2,0,1,,,,
train,L4,5.766458008,17.86003203,27.33567216,2.129947546,4.392875506,0.00213641,0.001479693,0.001738947,2,3,0,1,,,,
train,L1,8.479224199,2.048428401,29.85762987,7.830224436,6.428917559,0.008268924,0.001735042,0.008226823,2,4,0,1,,,,
train,L4,7.233012845,14.76418156,29.75834787,4.5882433,1.717435659,0.018670539,0.001256256,0.019294444,2,5,0,1,,,,
train,L3,7.182053021,4.15453291,25.42898048,7.320447912,7.148028572,0.012784309,0.001341416,0.011010127,2,6,0,1,,,,
train,L4,7.573427246,17.23445254,16.36917439,6.452627428,9.393100378,0.016056335,0.000261304,0.00611365,2,7,0,1,,,,
train,L2,8.386383381,16.47173852,22.42225877,4.741847403,6.180987277,0.009380854,0.001892095,0.002845284,2,8,0,1,,,,
validation_holdout,L2,6.717332228,11.04547822,33.41533217,3.076610137,2.135037901,0.007297155,0.000273822,0.014218803,2,9,0,1,2,0.002454781671985984,0.017529696226119995,0.9800155758857727
train,L3,7.873056534,14.34973457,26.6889782,2.755351181,6.235493747,0.002257167,0.001551599,0.013074693,2,10,0,1,,,,
train,L1,7.480061874,6.629827207,25.76663887,8.652146665,7.897124918,0.017531067,0.000536984,0.007791805,2,11,0,1,,,,
train,L2,6.434598946,9.687774029,20.37707029,9.347180337,4.657748829,0.015684885,0.00186785,0.019043356,2,12,0,1,,,,
train,L5,8.575204952,16.52191951,22.3689784,7.198304374,8.918539731,0.00344555,0.001442719,0.000932955,2,13,0,1,,,,
train,L2,8.290991076,9.455671345,32.90692178,2.827472919,6.83814658,0.010293985,0.001510089,0.006422615,2,14,0,1,,,,
train,L2,7.804581421,7.477066174,28.32926095,5.216217735,9.093240265,0.009798759,0.000445928,0.018460855,2,15,0,1,,,,
train,L1,8.477036052,10.13714272,30.74774054,7.831513601,6.611547801,0.012539322,0.00089165,0.006758241,2,16,0,1,,,,
validation_holdout,L4,8.535529703,16.65086042,24.08690846,8.238567072,2.181591748,0.018929119,0.001239448,0.00541893,2,17,0,1,2,0.003439174732193351,0.010960811749100685,0.9855999946594238
train,L2,7.979270419,7.036556924,27.60494439,2.945748978,3.7872254,0.011637452,0.001542248,0.010917298,2,18,0,1,,,,
train,L3,8.429546649,3.888351066,19.96767217,2.000245751,2.816154534,0.010850324,0.000216879,0.016564134,2,19,0,1,,,,
train,L4,7.941150116,14.3842734,29.10921661,7.697096367,9.179438479,0.001101426,0.001925107,0.002511362,2,20,0,1,,,,
train,L5,7.880492701,16.60657515,23.55202667,4.852769408,7.843600606,0.001351859,0.001781539,0.018888904,2,21,0,1,,,,
validation_holdout,L1,7.665139824,2.462430831,23.8509103,4.035850653,7.08758532,0.003828201,0.000547994,0.016003921,2,22,0,1,2,0.0028437667060643435,0.01396831963211298,0.9831878542900085
train,L5,8.134508238,5.177545199,27.98644649,2.103179758,3.708696877,0.000746168,0.001647293,0.00403438,2,23,0,1,,,,
train,L4,6.055117869,3.2684538,33.72561243,6.322395254,2.656402948,0.014892723,0.001041465,0.014384155,1,0,1,1,,,,
train,L4,8.583047657,7.284857526,16.28012693,8.809205883,7.808059792,0.014494273,0.000928995,0.008006695,2,1,1,1,,,,
train,L4,8.551452347,9.281844089,31.49486475,9.66105317,5.267421513,0.002807519,0.000635724,0.008344746,1,2,1,1,,,,
train,L5,5.602365491,15.10211357,20.84766221,6.525959605,3.032105969,0.01673797,0.001166127,0.015774157,2,3,1,1,,,,
train,L4,8.390358627,13.19737791,23.87838909,6.115690622,6.549597803,0.003180242,0.001462479,0.019274304,2,4,1,1,,,,
train,L5,5.951044536,12.60810707,15.43826658,2.680451084,1.363004669,0.006093394,0.000827756,0.00296979,2,5,1,1,,,,
train,L4,6.67291599,7.371311459,21.02092156,6.390982412,3.935532287,0.00505464,0.001262146,0.00870229,1,6,1,1,,,,
train,L3,8.102278897,16.90822729,25.05262485,5.039832632,5.217012951,0.007508911,0.001401633,0.009878361,2,7,1,1,,,,
validation_holdout,L4,6.062659636,9.690099764,16.12352155,6.857082247,2.331625007,0.005167809,0.001425132,0.00783808,1,8,1,1,2,0.006074218079447746,0.07671821117401123,0.9172075986862183
train,L5,8.362884584,19.59254629,24.82191459,5.109810783,9.861890298,0.009830123,0.000113413,0.007582188,2,9,1,1,,,,
train,L2,8.412469623,12.8657717,33.54221258,3.922392988,2.881876281,0.008207417,0.001720898,0.001519239,2,10,1,1,,,,
validation_holdout,L4,7.276137068,2.962162461,17.10786436,2.759722202,2.17317817,0.019732733,0.000921924,0.013868003,2,11,1,1,2,0.00391293503344059,0.017798591405153275,0.9782884120941162
train,L2,5.522350551,13.68546246,30.28881456,4.519347557,2.831813865,0.001212934,0.000532208,0.009006181,2,12,1,1,,,,
train,L3,6.504633466,6.839528301,23.19342107,2.773158674,7.921550198,0.002929409,0.000491111,0.004298479,2,13,1,1,,,,
train,L1,7.659244214,13.88338034,28.10347429,3.415175607,4.829550933,0.001151235,0.000971198,0.016412653,2,14,1,1,,,,
validation_holdout,L3,8.934151623,1.858002389,20.20473196,9.898689269,6.088743458,0.01255424,0.001774795,0.016149935,2,15,1,1,2,0.00435082521289587,0.03057526797056198,0.9650739431381226
train,L4,7.711347345,3.910188025,18.18984525,5.552828455,1.189082413,0.001184735,0.000762912,0.009984637,0,16,1,1,,,,
train,L2,6.409312534,17.18687655,18.20925229,6.254974132,1.309881777,0.016745151,0.001501954,0.006319788,2,17,1,1,,,,
train,L2,7.719019961,4.930001362,16.40983891,8.98894823,5.012429948,0.010287579,0.000202669,0.012942808,1,18,1,1,,,,
validation_holdout,L5,7.389948829,16.82230194,18.7129341,9.964551204,8.349897189,0.010587452,0.000957353,0.006118967,2,19,1,1,2,0.0023834321182221174,0.004669910296797752,0.9929466843605042
train,L2,8.229458883,5.945883725,28.2843877,6.661715595,8.967149908,0.011275731,0.001983455,0.005102155,2,20,1,1,,,,
validation_holdout,L5,5.874432236,13.03619725,32.63381224,8.499790568,1.780359108,0.003499193,0.001543171,0.014745036,2,21,1,1,2,0.0036940171848982573,0.03934057801961899,0.9569653272628784
validation_holdout,L1,8.163597659,14.03593618,31.28251371,4.615528195,5.845267919,0.004034037,0.000428952,0.001286342,2,22,1,1,2,0.003097293432801962,0.014729367569088936,0.9821733236312866
train,L4,7.394433025,10.49676769,28.7026862,4.44595166,9.219067177,0.006444465,0.001007869,0.002347985,2,23,1,1,,,,
train,L5,8.870472014,6.453558196,17.20863727,5.221629768,4.49175479,0.011910579,0.000474913,0.000632369,1,0,2,1,,,,
train,L1,6.696552581,4.646565339,20.78374893,7.380058101,8.466092483,0.004281344,0.000825026,0.003482392,2,1,2,1,,,,
train,L2,7.714176626,1.147192414,21.19613751,7.457533514,2.20326089,0.002415001,0.001562367,0.001845305,2,2,2,1,,,,
train,L2,8.762098369,6.426954824,19.99913893,4.521915477,9.418550407,0.019405326,0.001544737,0.019918146,2,3,2,1,,,,
train,L1,5.858784048,13.23667442,25.30011319,3.065679393,7.762809858,0.000537438,0.00046392,0.006131794,2,4,2,1,,,,
train,L2,8.780299705,18.79694396,25.7110763,7.059170052,9.472009535,0.016073678,0.001845224,0.003410726,2,5,2,1,,,,
train,L1,7.907600028,17.4884874,22.1377195,3.026606898,7.089555102,0.015781899,0.001189211,0.005199427,2,6,2,1,,,,
train,L5,5.737429707,15.43826314,22.07578317,6.627940066,4.270635388,0.006014561,0.000766049,0.018754449,2,7,2,1,,,,
train,L5,6.553372484,15.87472319,31.57111196,7.547377024,9.443630553,0.00279897,0.001008852,0.010643124,2,8,2,1,,,,
validation_holdout,L1,7.97860231,13.46720562,30.78585697,7.604891971,3.480100987,0.00299801,0.001214092,0.007613953,2,9,2,1,2,0.0033498858101665974,0.02170555479824543,0.974944531917572
train,L5,5.735727105,5.575593723,21.15591663,8.027776885,3.989552699,0.013978889,0.001124182,0.017531133,2,10,2,1,,,,
train,L5,7.537596611,18.1903031,33.27576888,8.982875373,7.307275762,0.012891851,0.000977946,0.00820231,2,11,2,1,,,,
train,L5,6.710590699,13.57928008,34.05630034,5.999671936,7.887846696,0.015676639,0.001014816,0.007032667,2,12,2,1,,,,
train,L3,7.673204312,11.4285923,21.53485084,7.841993516,9.364631355,0.018755875,0.00036106,0.004542009,2,13,2,1,,,,
train,L4,5.660097118,2.66429465,22.08849898,6.953381883,2.843221682,0.013869355,0.001627338,0.007867038,2,14,2,1,,,,
train,L2,8.550378822,9.217583104,25.11268307,3.493119518,8.181982317,0.003201446,0.001088103,0.006675345,2,15,2,1,,,,
train,L3,8.907211392,9.476986288,33.82241625,2.205517159,7.646914481,0.004944508,0.000270849,0.013707427,2,16,2,1,,,,
train,L5,8.891072493,17.35899039,32.52638866,4.276331085,1.574151006,0.016859655,0.001534653,0.006146863,2,17,2,1,,,,
train,L1,8.123781411,11.15964029,17.05135925,5.544269651,4.485008271,0.004265191,0.001865564,0.011755395,2,18,2,1,,,,
train,L5,5.95530184,7.917810705,22.85461487,6.936847555,3.544889114,0.001543194,0.001895141,0.001784897,2,19,2,1,,,,
train,L4,8.153921186,19.54760641,26.06742379,8.799674644,3.740413819,0.014095273,0.000744345,0.004230139,2,20,2,1,,,,
train,L5,5.586054208,2.65905157,25.06264945,3.569965734,9.846521916,0.008110274,0.000279679,0.008444403,2,21,2,1,,,,
train,L1,5.57743243,8.739694352,18.87726136,3.004398319,6.784996721,0.018408797,0.001041615,0.01877051,2,22,2,1,,,,
train,L4,6.632635767,1.319481166,32.17633542,9.70783958,7.45908542,0.013040076,0.000234092,0.007856414,2,23,2,1,,,,
validation_holdout,L5,7.210251166,14.92813035,28.53881566,2.864356475,9.789558736,0.001899338,0.001868635,0.013449445,2,0,3,1,2,0.0017521127592772245,0.0010345370974391699,0.9972134232521057
train,L4,8.196425962,18.40249277,31.7581675,5.827928561,4.394816042,0.018962346,0.000375323,0.005474201,2,1,3,1,,,,
train,L2,7.891533818,5.960727926,32.17528559,6.68450983,8.216561516,0.00524529,0.000513004,0.002977155,2,2,3,1,,,,
validation_holdout,L2,7.060659472,17.2376627,29.96711707,6.330995367,4.91077867,0.006810529,0.000819207,0.001641464,2,3,3,1,2,0.0021567288786172867,0.010031322948634624,0.9878119826316833
train,L5,6.457693332,6.198255494,23.78421202,2.688257256,8.825803046,0.008104982,0.000772497,0.006455563,2,4,3,1,,,,
validation_holdout,L4,8.989935751,18.26001815,27.2109351,2.456215312,2.625917872,0.001119363,0.001591379,0.00357439,2,5,3,1,2,0.0036839039530605078,0.011444511823356152,0.9848715662956238
validation_holdout,L1,6.991634558,15.20225712,18.20730812,2.84386742,9.529175594,0.009980657,0.00091807,0.003893204,2,6,3,1,2,0.002415531547740102,0.0008264835923910141,0.9967580437660217
train,L5,7.079854585,16.19568215,28.47290835,6.684701471,2.968945376,0.002554038,0.000349829,0.015334807,2,7,3,1,,,,
validation_holdout,L2,6.072683374,0.851127834,18.58506511,6.354759101,3.935984563,0.00807931,0.000541748,0.000808842,1,8,3,1,2,0.00945467222481966,0.33883610367774963,0.6517091989517212
train,L2,8.281833421,19.27480196,28.87899181,3.869926336,7.805730107,0.007079125,0.001023136,0.011377297,2,9,3,1,,,,
train,L5,7.92788779,14.67008435,19.59196322,7.102193135,4.543796274,0.015479518,0.000303433,0.007899497,2,10,3,1,,,,
train,L4,6.272693645,6.44264636,17.351026,8.560540016,6.473902391,0.016083093,0.001227195,0.010377725,2,11,3,1,,,,
validation_holdout,L2,5.78833366,16.67319596,18.3056898,2.332631679,5.00116151,0.003152916,0.001135837,0.01147519,2,12,3,1,2,0.0025454824790358543,0.0011144059244543314,0.9963401556015015
validation_holdout,L4,7.881747557,5.989663369,15.0398427,5.985039548,7.681329434,0.007394369,0.001432258,0.00661067,2,13,3,1,2,0.0035523048136383295,0.014117727987468243,0.9823300242424011
validation_holdout,L2,7.79078925,17.51869987,29.37479236,7.514483297,3.054981271,0.007529728,0.001876032,0.006254623,2,14,3,1,2,0.0023206130135804415,0.004718630108982325,0.9929607510566711
train,L2,6.456408344,2.695317613,29.64802098,4.018495417,1.526121885,0.003113068,0.001825387,0.014801336,2,15,3,1,,,,
train,L3,8.828022468,14.22187656,25.298667,4.462167242,3.699364577,0.015989225,0.00189269,0.017489901,2,16,3,1,,,,
train,L2,6.028702621,11.04362029,18.22725602,6.909103224,5.268777984,0.014173844,0.000496984,0.004255342,2,17,3,1,,,,
validation_holdout,L1,7.013171804,2.382422169,16.67108675,9.183482348,2.51218047,0.003888598,0.000271815,0.002403566,0,18,3,1,1,0.01511300727725029,0.4951155483722687,0.4897714853286743
train,L5,8.802655721,5.216929651,15.38257933,8.479395362,4.193175607,0.007397766,0.000611531,0.018007018,2,19,3,1,,,,
validation_holdout,L5,6.969045609,0.741878707,18.31496354,6.665041753,4.599847165,0.00220552,0.001791219,0.007322962,2,20,3,1,2,0.008131230250000954,0.1569085717201233,0.8349602222442627
validation_holdout,L4,7.734840817,9.640975327,32.8171107,7.841773742,1.516526593,0.012601311,0.001944386,0.011250689,2,21,3,1,2,0.003752970602363348,0.039880916476249695,0.9563661813735962
train,L2,6.891580393,6.374672585,19.83073683,4.918579762,6.249765234,0.002515301,0.001720057,0.007511091,2,22,3,1,,,,
train,L1,6.459753208,12.16797094,22.08542654,7.127724225,8.959090852,0.01972009,0.000228935,0.002953146,2,23,3,1,,,,
train,L4,8.943921768,6.29613725,17.10690969,5.729452729,2.365686217,0.015635573,0.001895382,0.011991967,2,0,4,1,,,,
train,L3,6.932669022,6.348422674,19.44722609,3.519489092,6.380272121,0.007865747,0.000852482,0.010740247,2,1,4,1,,,,
validation_holdout,L4,8.629347213,14.99226738,25.38449142,7.613906191,6.982652844,0.011613422,2.85e-05,0.004458374,2,2,4,1,2,0.003302943427115679,0.03488267585635185,0.9618143439292908
train,L4,6.304841121,1.438785302,27.15505366,6.451717099,4.774012124,0.018235702,0.000890364,0.009311446,2,3,4,1,,,,
train,L2,6.245866464,18.10645241,19.90704628,4.868972656,7.309878286,0.011126576,0.000101678,0.016040476,2,4,4,1,,,,
validation_holdout,L3,5.60896929,17.11914555,16.15464318,9.290713521,4.696583891,0.00357252,0.001092317,0.012013309,2,5,4,1,2,0.0027472127694636583,0.006719785276800394,0.9905329942703247
train,L4,7.780833889,13.52219132,22.82065738,2.167472943,5.541735592,0.007636197,0.000683723,0.002389888,2,6,4,1,,,,
validation_holdout,L1,6.789842203,12.06782062,19.68406742,4.52618521,1.066177401,0.016878583,0.000952136,0.011186419,2,7,4,1,2,0.003033062908798456,0.009428407996892929,0.9875385761260986
train,L1,8.525253874,17.89989871,19.39107846,2.455051182,7.225481027,0.012919839,0.001230209,0.014203397,2,8,4,1,,,,
train,L5,7.156234673,4.113938501,34.19725605,8.13221853,6.952084111,0.013049415,0.001738914,0.015957716,2,9,4,1,,,,
train,L3,8.888676998,2.039898663,27.32600972,7.616859633,1.345607896,0.017349748,0.001327184,0.012767793,2,10,4,1,,,,
validation_holdout,L3,6.149339305,5.170448313,26.13756886,4.65081775,4.314250967,0.017890064,0.000873757,0.003476834,2,11,4,1,2,0.0030598703306168318,0.023858895525336266,0.9730811715126038
train,L5,8.540181088,15.99427643,23.31550207,7.405303218,9.811286567,0.018403872,0.001640661,0.014348379,2,12,4,1,,,,
train,L4,8.218088985,1.176070201,23.57888667,5.16749781,4.786629063,0.001987499,0.001812108,0.013708166,2,13,4,1,,,,
train,L3,8.198226456,11.86473328,25.81810008,8.050030331,5.517508646,0.010928107,0.000248322,0.000976324,2,14,4,1,,,,
validation_holdout,L1,8.456741298,19.91103157,28.92859614,5.633469302,9.189371423,0.014836139,0.001068547,0.00852908,2,15,4,1,2,0.0025900565087795258,0.0005576927214860916,0.9968522191047668
train,L1,8.163583968,17.18607383,29.04292192,5.298237823,7.455356883,0.015162844,0.000576179,0.00699253,2,16,4,1,,,,
train,L2,7.691771126,10.66819094,18.43387815,9.477839324,6.23863118,0.012173652,0.000103652,0.013553535,2,17,4,1,,,,
train,L3,5.959357072,1.740997731,25.00225504,4.007032799,8.180242132,0.003419068,0.001340408,0.004714648,2,18,4,1,,,,
train,L4,5.613841628,16.71178353,23.2391619,2.96357872,8.779296398,0.015968669,0.001726914,0.012022002,2,19,4,1,,,,
validation_holdout,L5,8.722967467,12.18008091,32.41053933,6.676344906,5.111992646,0.014430216,0.000334176,0.018307516,2,20,4,1,2,0.002400616416707635,0.009555638767778873,0.9880437254905701
train,L5,7.658276101,2.741193443,27.62837842,9.754574498,5.275975284,0.001814102,0.001626703,0.016057146,2,21,4,1,,,,
train,L4,8.287880518,2.330217054,25.65008133,5.02271371,4.474458421,0.009329816,0.001708258,0.018468426,2,22,4,1,,,,
validation_holdout,L2,7.18532823,18.23772298,17.30789284,2.496294109,9.70035526,0.00356215,0.001829537,0.019580866,2,23,4,1,2,0.005115852225571871,0.000389403838198632,0.9944947361946106
train,L5,5.910578661,13.54940513,27.11275779,4.714442138,7.274496289,0.006815793,0.000537917,0.000708067,2,0,5,1,,,,
train,L3,5.938150273,16.67109259,17.34407811,6.047453235,1.749007596,0.000459814,0.001808867,0.012643455,2,1,5,1,,,,
train,L2,7.899478505,17.64008856,21.74413151,3.295384053,8.76663661,0.008066564,0.000648119,0.008550368,2,2,5,1,,,,
train,L3,7.006070632,11.64956086,17.8568393,7.264817744,5.325039468,0.011042551,0.001109153,0.017267163,2,3,5,1,,,,
train,L1,6.201836543,10.59020386,28.84147294,9.981995112,1.618785158,0.012429694,0.00011051,0.005410387,2,4,5,1,,,,
train,L2,7.220580914,8.893334501,19.12504228,5.613915808,5.947455296,0.013303458,9.73e-05,0.019630075,2,5,5,1,,,,
train,L5,5.72473128,6.680458462,22.83718746,4.837828454,4.754478511,0.016742197,0.001443543,0.012467305,2,6,5,1,,,,
train,L2,7.536899907,8.974621237,32.91349555,5.205633335,8.899744644,0.004387712,0.000894515,0.015973979,2,7,5,1,,,,
train,L2,6.441476916,15.59065329,19.08632767,2.921169427,2.835951432,0.002497588,0.000520022,0.002169191,2,8,5,1,,,,
train,L2,8.291456852,12.2375069,25.15610128,9.066188811,8.438181485,0.01704559,0.000388923,0.004077429,2,9,5,1,,,,
train,L2,6.586266856,17.90420415,23.38543322,5.318605244,6.019198221,0.003216595,0.001343207,0.015288872,2,10,5,1,,,,
train,L3,7.093270522,9.14591028,15.36248082,5.098195291,1.491492729,0.019497726,1.08e-05,0.000928737,2,11,5,1,,,,
train,L1,5.54067189,12.33824679,30.85516227,7.277522183,9.746607712,0.016866511,0.001613723,0.016429121,2,12,5,1,,,,
train,L4,5.753564107,12.81049729,16.38091813,5.536267367,5.613537197,0.010067444,0.000167707,0.000772006,2,13,5,1,,,,
train,L2,6.873727447,12.03809466,24.48510042,7.18586775,3.617891688,0.019630286,0.000391064,0.013313817,2,14,5,1,,,,
train,L5,7.179785922,14.20135858,26.2135659,2.491570321,5.224661578,0.002037797,0.00077861,0.007619331,2,15,5,1,,,,
train,L2,7.600071918,5.129952633,27.56852913,8.50978675,8.720720052,0.006131009,0.000974869,0.01242415,2,16,5,1,,,,
train,L5,6.520819025,10.49109366,28.77263259,9.524031623,3.744128119,0.012800666,0.00071644,0.014072612,2,17,5,1,,,,
train,L3,7.932436601,2.532383655,20.06544767,7.190123089,2.734087568,0.007065137,0.000648217,0.007178267,0,18,5,1,,,,
train,L5,8.51042839,7.997970889,15.19957553,9.636527431,2.161641222,0.018574614,0.001928193,0.002605268,2,19,5,1,,,,
validation_holdout,L4,8.229478461,10.00950784,29.46887325,3.211458515,3.680734586,0.001405959,0.001286744,0.001858094,2,20,5,1,2,0.006058049388229847,0.08647288382053375,0.9074690937995911
train,L1,5.638665889,13.21837306,25.71313199,5.819329516,8.020432783,0.011033295,5.66e-05,0.011984252,2,21,5,1,,,,
train,L5,7.181774315,19.03535553,31.72235406,6.814453872,5.244637287,0.011858239,0.00086605,0.010652779,2,22,5,1,,,,
validation_holdout,L5,5.867255624,12.2126958,31.42776726,6.653893179,3.047334433,0.01308929,0.001751267,0.01497292,2,23,5,1,2,0.002262830501422286,0.011046834290027618,0.9866902828216553
train,L1,6.347157556,15.00008137,31.86652336,5.211694233,2.495664996,0.005187758,0.000609898,0.010439842,2,0,6,1,,,,
train,L4,8.953319076,10.37218816,24.7018932,4.704675275,3.994565289,0.007354872,0.000198167,0.008737693,2,1,6,1,,,,
train,L2,5.9987344,12.86502861,21.67256792,3.01459218,9.459319356,0.016889243,0.001519186,0.0082627,2,2,6,1,,,,
train,L5,7.246108537,1.883178215,30.83116405,5.133939604,4.087240413,0.003979361,0.001215968,0.001015715,1,3,6,1,,,,
train,L1,7.66354507,5.460635826,24.02588226,3.301286521,9.893116684,0.01655467,0.001144922,0.007043365,2,4,6,1,,,,
train,L3,7.958627397,7.556135318,18.66884393,7.874925412,5.367074102,0.011296843,0.000116617,0.019532393,2,5,6,1,,,,
train,L1,7.458770392,9.713620423,32.09948039,3.670647484,2.612475265,0.015267531,0.000289593,0.017534334,2,6,6,1,,,,
train,L3,5.534197966,1.390150537,32.65119754,2.468522442,9.020260826,0.014300787,0.001248873,0.006922872,2,7,6,1,,,,
train,L4,6.642614579,3.230469902,24.32619512,6.418929103,5.143198358,0.004229479,0.000423569,0.01196201,1,8,6,1,,,,
train,L2,7.311990752,5.897879002,16.51399455,6.761837862,7.387042092,0.011419373,0.001013099,0.017022287,2,9,6,1,,,,
train,L1,5.807532747,19.44488747,22.7565218,8.97530449,9.853404249,0.017367691,0.001094315,0.00910485,2,10,6,1,,,,
train,L5,6.727194259,6.961266639,31.07075319,6.615852899,1.451578153,0.008699113,0.000574179,0.000850178,1,11,6,1,,,,
train,L4,5.616210881,9.899800633,33.03548057,4.76384683,1.870251038,0.019335156,0.001897366,0.001952954,2,12,6,1,,,,
train,L1,5.77502474,4.323905398,19.06945485,8.424095052,7.484110673,0.00909908,0.001686504,0.010452658,2,13,6,1,,,,
train,L5,6.889231467,12.41021139,16.33947224,6.322231145,3.53642503,0.002941434,0.001447523,0.019404068,2,14,6,1,,,,
train,L1,5.964505139,5.973322703,32.54700906,2.634242277,2.658712573,0.00784975,0.000165208,0.014017586,2,15,6,1,,,,
validation_holdout,L3,7.486392969,4.53635528,22.78809878,6.526804483,1.354256918,0.019038878,0.000221199,0.001882866,2,16,6,1,2,0.010796238668262959,0.20536312460899353,0.7838406562805176
train,L1,7.913127392,10.57316625,25.83521929,9.264148363,1.196620408,0.006462445,0.000990635,0.004192537,2,17,6,1,,,,
train,L1,8.302053447,0.607363084,34.36131624,5.170501004,7.970370428,0.017375153,0.00032982,0.015540801,2,18,6,1,,,,
train,L1,6.200525855,0.649448637,16.33129456,4.370606415,2.209900846,0.017636889,0.001956748,0.016908075,2,19,6,1,,,,
train,L4,6.086189038,4.771841777,27.96636015,3.147755656,5.209485544,0.007068712,0.000325455,0.012545044,1,20,6,1,,,,
train,L1,5.865987441,1.216066569,16.48210845,3.211564175,6.453071337,0.001756827,0.000980061,0.013066252,2,21,6,1,,,,
validation_holdout,L5,7.727505873,2.606502206,22.50937857,5.462171875,4.855166205,0.014518702,0.000734601,0.00105258,1,22,6,1,2,0.008250332437455654,0.15205447375774384,0.8396952152252197
validation_holdout,L3,7.972665043,7.107782662,31.0762909,6.765438593,1.243959871,0.006299095,0.001282379,0.01665634,2,23,6,1,2,0.009554537944495678,0.2067316323518753,0.7837138175964355
validation_holdout,L3,5.610551507,16.15042075,23.66944466,2.644923241,8.051513523,0.01568018,0.000266782,0.015871367,2,0,0,1,2,0.0018618189496919513,0.0009901796001940966,0.9971479773521423
train,L1,8.776742862,11.65494855,34.94364708,9.516548712,1.094619021,0.008908831,0.00086633,0.005551185,2,1,0,1,,,,
validation_holdout,L4,5.681899493,10.49702066,26.1811857,8.04106894,7.857009049,0.009756808,0.000556663,0.014319196,2,2,0,1,2,0.0017876762431114912,0.013184521347284317,0.9850277900695801
train,L4,7.394537174,6.223032053,21.42324305,6.692991346,9.039740444,0.015580397,0.001776626,0.004689665,2,3,0,1,,,,
train,L5,7.981711818,18.66919753,19.40222652,8.627509368,4.89555929,0.00770903,9.08e-05,0.001286438,2,4,0,1,,,,
train,L1,8.548391933,8.241793304,22.01041069,2.641494054,5.819882258,0.008918234,0.001828318,0.004422163,2,5,0,1,,,,
train,L3,7.999304262,2.198308953,22.45066548,5.814711022,5.292850534,0.00758619,0.001667658,0.003983263,2,6,0,1,,,,
train,L4,8.306048291,12.53279706,16.37427355,7.040745015,4.502877568,0.007410076,0.000602166,0.007086086,2,7,0,1,,,,
train,L1,6.688075674,2.719848673,22.39148399,8.629223249,8.986820818,0.010566337,0.001580688,0.008659765,2,8,0,1,,,,
train,L4,8.351887898,7.231851285,24.28477039,8.26775648,9.045401596,0.016195109,7.21e-05,0.010416508,2,9,0,1,,,,
validation_holdout,L4,5.780401962,10.3945328,29.45475504,4.216553998,4.022347282,0.007299189,0.001934062,0.009796701,2,10,0,1,2,0.001937245950102806,0.009814288467168808,0.9882484674453735
validation_holdout,L3,8.631858296,17.54733923,28.13458969,9.527041356,6.535627786,0.010532669,0.001057924,0.005778155,2,11,0,1,2,0.002186071127653122,0.005384032614529133,0.9924299120903015
train,L2,7.416573317,10.12415832,29.1753131,2.994766731,9.342168059,0.013447474,0.000613529,0.001068828,2,12,0,1,,,,
train,L5,8.360542195,14.19404594,15.16727364,9.001068949,9.65852649,0.005461845,0.000731541,0.012299482,2,13,0,1,,,,
train,L5,7.083113996,19.85992836,19.35334799,9.767521997,5.580631364,0.005622704,0.000142147,0.008217024,2,14,0,1,,,,
train,L3,7.752521933,3.064037838,28.23368577,3.417228186,5.075423248,0.018674921,0.001978806,0.006324107,2,15,0,1,,,,
train,L4,7.342409313,5.857264748,24.67978736,7.776528514,3.508248843,0.014498338,8.82e-05,0.01740535,2,16,0,1,,,,
train,L1,8.060563326,8.194233474,15.10626951,2.32228415,9.629846859,0.011586015,0.001313265,0.015061495,2,17,0,1,,,,
train,L4,5.785704937,8.725649482,31.08989285,5.243382601,2.28532874,0.012989629,0.000891044,0.017226428,2,18,0,1,,,,
train,L3,5.711232294,8.514910968,30.45619147,6.130266394,6.218466184,0.000683059,0.001898343,0.010152164,2,19,0,1,,,,
train,L5,6.364861319,18.19841455,25.96838326,6.645161807,3.542952408,0.012400249,0.000499539,0.003053159,2,20,0,1,,,,
train,L4,6.05840638,14.42363657,16.32926652,9.487497986,3.511074613,0.010239227,0.001068853,0.014076318,2,21,0,1,,,,
train,L5,8.551242483,12.35415167,30.33030099,7.378005498,4.644717286,0.010960419,0.000969889,0.004518439,2,22,0,1,,,,
validation_holdout,L1,6.267248956,6.532767998,26.67427175,5.85022361,9.989136422,0.007252534,0.001408704,0.009103979,2,23,0,1,2,0.0021913598757237196,0.0008026508148759604,0.9970059990882874
train,L5,8.915528395,16.56391249,30.63919954,8.47740029,1.494696762,0.001721331,0.00014534,0.001767515,2,0,1,1,,,,
train,L5,6.679135271,19.12367997,30.03493985,9.604262568,6.206876364,0.003947451,0.00039564,0.016593514,2,1,1,1,,,,
train,L2,6.137412705,16.51336651,31.06004144,2.176529189,1.743149422,0.01901982,0.000436984,0.002955843,2,2,1,1,,,,
validation_holdout,L2,8.263944775,0.530519551,25.36016133,9.860170178,2.39068747,0.008233121,0.00147892,0.018110401,2,3,1,1,2,0.009336119517683983,0.330515056848526,0.6601487398147583
validation_holdout,L2,7.805477214,12.90982672,17.80649036,2.689057113,4.956066476,0.009386995,0.000386386,0.017352497,2,4,1,1,2,0.0022765803150832653,0.002314134268090129,0.9954093098640442
train,L5,7.243685008,1.497139938,28.42314947,8.515094234,5.594141182,0.001148925,0.001151249,0.009559364,1,5,1,1,,,,
train,L3,7.443772428,5.523340797,27.4094757,4.24267802,3.329131675,0.000847568,0.000438335,0.01501518,2,6,1,1,,,,
train,L5,8.017206224,1.660731657,29.84506374,3.057437262,3.848114178,0.014371911,0.001724634,0.012579179,2,7,1,1,,,,
validation_holdout,L3,6.299591595,12.27401133,18.39762012,5.518845118,1.782703182,0.010808084,0.001884949,0.016159975,2,8,1,1,2,0.0024234075099229813,0.004848051816225052,0.992728590965271
train,L3,8.987168706,13.88850331,18.899504,7.151652636,3.728978055,0.010223249,0.001041801,0.008920199,2,9,1,1,,,,
train,L2,8.911776068,2.732508942,32.80819034,5.04761476,9.699025954,0.004938178,0.000711095,0.015823265,2,10,1,1,,,,
train,L4,7.776139902,7.984858219,29.99955597,2.436523266,9.502366435,0.01492054,0.000475775,0.009517908,2,11,1,1,,,,
validation_holdout,L1,6.198398578,9.396611925,33.16456977,6.795689117,4.013904611,0.003447908,0.000109064,0.018848833,2,12,1,1,2,0.00301794963888824,0.03546914830803871,0.9615129232406616
train,L2,7.880798849,7.696533924,30.17430642,9.219226209,6.137685427,0.003879701,0.000544315,0.009984256,2,13,1,1,,,,
validation_holdout,L2,5.752694431,2.859987509,26.94310612,5.065722928,9.18635852,0.009268172,0.001311929,0.009521076,2,14,1,1,2,0.0015550752868875861,0.004100306425243616,0.9943445920944214
train,L4,5.607283758,8.669481909,28.08265474,3.730662221,1.055654404,0.005796969,0.001071898,0.015808901,2,15,1,1,,,,
train,L1,6.40189011,15.14797193,32.78255848,5.540618767,8.296152133,0.005024513,0.001888642,0.016520765,2,16,1,1,,,,
train,L5,7.119180349,1.884649458,26.57613509,2.386901688,9.535325975,0.012940229,0.000798592,0.011312538,2,17,1,1,,,,
train,L5,8.538953769,2.063510275,27.64782649,8.563900676,1.821931609,0.013054338,0.001390788,0.004006057,1,18,1,1,,,,
validation_holdout,L2,8.045091744,7.418040191,18.12953432,8.610726488,2.453029174,0.01650789,0.000983752,0.009621286,2,19,1,1,2,0.004668611101806164,0.021000465378165245,0.9743309020996094
train,L1,8.099472824,18.86365138,24.4784244,6.704003707,9.646716725,0.0084124,0.001030027,0.019377414,2,20,1,1,,,,
train,L2,6.989226671,13.53716661,29.32794224,4.824823112,5.837861293,0.001554393,0.000542871,0.015183231,2,21,1,1,,,,
validation_holdout,L3,6.710772474,13.73406416,20.41885397,8.398266916,1.12776971,0.005545961,0.000915352,0.016317671,2,22,1,1,2,0.005858477670699358,0.05242782086133957,0.9417137503623962
train,L2,6.79863567,7.557439821,19.04508361,6.437496198,3.318687989,0.019602109,0.000946862,0.001140097,2,23,1,1,,,,
train,L2,8.956773473,12.07638543,21.27653616,8.607458468,5.049493068,0.011965546,0.001416219,0.00962326,2,0,2,1,,,,
train,L5,5.64038217,0.697558089,19.83001256,7.051670341,7.236180199,0.014223768,0.001881874,0.013109112,2,1,2,1,,,,
validation_holdout,L5,8.534610236,12.9038729,19.29825274,8.275243786,7.598443403,0.000246421,0.000665349,0.016685637,2,2,2,1,2,0.002573596080765128,0.010204477235674858,0.987221896648407
validation_holdout,L5,7.52536393,18.30909548,23.49701686,6.788503946,9.958793616,0.010412294,9.4e-05,0.001460836,2,3,2,1,2,0.0017209822544828057,0.0016592879546806216,0.996619701385498
train,L3,7.035153967,12.44518263,33.15677028,5.313128546,3.587600794,0.00084682,0.000997627,0.017122558,2,4,2,1,,,,
train,L5,8.038401811,17.53712257,25.14119293,9.663566879,5.843980917,0.011427681,0.001093478,0.011193818,2,5,2,1,,,,
train,L1,7.203341295,14.61747458,18.75840762,6.328910599,5.799911931,0.01842334,0.000345197,0.004347622,2,6,2,1,,,,
train,L4,8.556981333,2.85088912,16.53943339,6.840716148,4.650807335,0.019371541,0.001523325,0.006686477,2,7,2,1,,,,
train,L1,8.652456524,18.09783949,28.9231229,3.763901115,2.522457045,0.010856998,0.001970009,0.005997626,2,8,2,1,,,,
train,L1,6.976023244,1.795654965,22.65597529,7.005206315,9.797109069,0.009218276,0.001892092,0.010851751,2,9,2,1,,,,
train,L5,6.46889729,10.91236571,31.43661893,6.572861196,8.67985468,0.01890584,0.000402241,0.001507871,2,10,2,1,,,,
train,L4,7.57322615,3.271673914,28.19021537,3.478707184,5.484997255,0.013504836,0.001751973,0.003591455,2,11,2,1,,,,
train,L4,8.69327171,0.728278909,30.92482901,2.476696779,6.429208804,0.001391496,0.001411942,0.016347514,2,12,2,1,,,,
train,L4,6.237317662,8.729668072,20.43892079,6.834874558,3.045349482,0.009367939,0.000913155,0.003085778,1,13,2,1,,,,
train,L3,7.680383042,6.253293799,28.84717845,8.109538155,5.894083634,0.004880876,0.001085816,0.005051227,1,14,2,1,,,,
validation_holdout,L5,7.71046077,9.977009629,20.28123969,6.187210967,7.254731198,0.009449106,0.001700704,0.009340727,2,15,2,1,2,0.002049677073955536,0.004168027546256781,0.9937823414802551
train,L4,8.065895578,11.75539779,33.78136959,3.814181003,5.636503255,0.009163765,0.000965469,0.010583857,2,16,2,1,,,,
train,L3,5.960486898,1.35291191,27.72748563,7.332175814,9.912566535,0.011684682,0.000752683,0.015390404,2,17,2,1,,,,
train,L2,8.005387376,2.898564255,21.490236,2.640845813,6.502074906,0.007199733,0.000991563,0.009222982,2,18,2,1,,,,
validation_holdout,L2,8.681613822,11.39352673,20.39023725,5.534669638,4.338763413,0.003368982,0.001162468,0.01590236,2,19,2,1,2,0.003125723684206605,0.006978693883866072,0.9898955821990967
train,L3,6.128890881,7.191763387,18.8185317,3.306934067,7.949368249,0.010124017,0.000386265,0.012557753,2,20,2,1,,,,
train,L3,6.331401637,14.71888301,28.89281918,3.475672408,2.534162604,0.016621037,0.001802806,0.002705445,2,21,2,1,,,,
train,L5,8.899882829,13.21968715,19.37431226,3.618351593,4.460642323,0.013313843,0.001351632,0.003548463,2,22,2,1,,,,
train,L5,6.133419334,16.98928508,26.90606532,5.093656456,4.122630553,0.006833521,0.001270205,0.009022158,2,23,2,1,,,,
train,L2,8.490347827,14.00361012,20.29270054,2.409201645,4.886263856,0.018716908,0.000207997,0.008239343,2,0,3,1,,,,
train,L4,7.222972498,8.883656009,28.2393789,5.182347527,8.036018433,0.018252931,0.001212306,0.014999113,2,1,3,1,,,,
train,L2,6.36530876,13.62284914,31.29879457,6.093659577,5.357557289,0.004266033,0.000250712,0.011824374,2,2,3,1,,,,
train,L4,8.547624654,5.869932898,30.56050486,5.86635428,8.146130052,0.00088441,0.000166608,0.008068595,2,3,3,1,,,,
train,L4,7.058568393,6.473113226,30.21702662,5.062272803,6.188400128,0.014852043,0.001059349,0.003829826,2,4,3,1,,,,
train,L5,7.301860739,15.88521062,18.75444811,8.713172865,4.078624912,0.016569444,0.000811543,0.004923323,2,5,3,1,,,,
train,L1,6.757316793,9.20518057,16.76769894,3.162613539,8.289808693,0.019360505,0.001181732,0.01172227,2,6,3,1,,,,
train,L1,7.57532798,16.06841664,28.97897657,6.04557395,3.144607035,0.017807744,0.000187552,0.008757057,2,7,3,1,,,,
train,L3,6.072333554,16.53723629,22.36694428,2.496331336,3.019446818,0.012050642,0.000867656,0.010541086,2,8,3,1,,,,
train,L5,6.868785378,17.22246558,23.64692453,2.569245431,5.540526316,0.010648042,0.000357826,0.00382821,2,9,3,1,,,,
train,L4,8.892943128,18.3743871,15.62298186,6.590926797,3.347643214,0.000654037,0.001974329,0.013426672,2,10,3,1,,,,
validation_holdout,L1,6.403467014,8.9042118,20.19152899,6.528147399,1.081783315,0.005008463,0.001126689,0.017124505,2,11,3,1,2,0.005188108421862125,0.05159631371498108,0.9432156085968018
train,L4,7.798578326,6.717902957,15.67352808,9.024268103,6.834677746,0.009246334,0.001377999,0.00552982,2,12,3,1,,,,
train,L1,6.638165225,11.85287556,32.58371545,6.462989405,5.599844393,0.012607228,0.000657582,0.010084527,2,13,3,1,,,,
train,L1,8.20715594,7.737862257,19.86793366,9.678328163,5.00966033,0.011189311,0.00019853,0.019522783,2,14,3,1,,,,
train,L1,5.958057813,12.22094625,26.14674339,2.389558787,9.702716632,0.014878456,0.001951983,0.006998214,2,15,3,1,,,,
train,L5,8.894373658,14.25892432,15.77958641,2.784061478,6.140792656,0.005667362,0.000579655,0.012103404,2,16,3,1,,,,
validation_holdout,L2,7.088263395,13.92389786,28.33694783,2.352526893,8.7708842,0.011342557,0.000853378,0.002258816,2,17,3,1,2,0.001981431385502219,0.0012216346804052591,0.9967969059944153
train,L4,6.326176622,7.803781297,21.46054692,3.482214803,2.255052126,0.001854031,0.001303229,0.012317293,1,18,3,1,,,,
train,L5,5.757238616,3.753773933,32.95838374,6.330160888,6.122858168,0.008331944,5.91e-05,0.00224782,2,19,3,1,,,,
train,L5,6.094152668,8.8953221,32.76236378,7.164577451,8.811816641,0.015028201,0.001622416,0.019205091,2,20,3,1,,,,
train,L5,7.31920882,3.28058581,21.50581237,2.364681264,6.247951816,0.013898677,0.001077791,0.014455422,2,21,3,1,,,,
train,L5,6.679511118,17.85689219,33.01921791,9.567767119,7.462127603,0.01981379,0.000563652,0.015869116,2,22,3,1,,,,
train,L5,8.401091781,7.244610484,34.92315347,8.737323013,4.34839211,0.005630033,0.0001326,0.014230035,1,23,3,1,,,,
train,L3,7.008106333,3.511965071,31.50831328,4.372899857,1.832045653,0.010013967,0.000333372,0.011999716,1,0,4,1,,,,
train,L4,6.370499954,0.996231318,31.89742696,2.617500242,5.121102656,0.006657655,0.001791117,0.009273299,2,1,4,1,,,,
train,L5,7.660007453,13.09353653,19.98017472,3.359096586,4.550314518,0.008868002,0.001375188,0.017238281,2,2,4,1,,,,
validation_holdout,L4,7.973720259,12.91959519,26.53404798,3.01555531,8.803541641,0.017153308,0.000507304,0.019158296,2,3,4,1,2,0.0017662588506937027,0.0012400196865200996,0.9969936609268188
train,L3,6.084646678,7.141781248,16.34511828,2.986270234,3.195957721,0.013715761,0.000140546,0.010231205,2,4,4,1,,,,
validation_holdout,L3,6.086667257,1.898381833,16.89835874,6.148493509,9.700608048,0.01766058,0.001384324,0.018664933,2,5,4,1,2,0.001844814163632691,0.001712731085717678,0.9964424967765808
validation_holdout,L4,5.628349994,8.48776345,34.97785224,3.96677954,9.623243078,0.004149871,0.001149091,0.011874992,2,6,4,1,2,0.001157808699645102,0.005450577475130558,0.9933916330337524
train,L1,8.077407053,6.568741154,21.53278499,4.865117732,3.228684788,0.017479886,0.000814994,0.010998492,2,7,4,1,,,,
train,L2,7.823315847,13.70385247,29.96367824,9.916042667,4.132467599,0.001289269,0.000733587,0.009362413,2,8,4,1,,,,
train,L1,7.161208065,12.31269536,31.13330106,7.474513991,9.060001668,0.017783126,0.00044146,0.004581111,2,9,4,1,,,,
train,L1,8.454596571,7.6095777,32.16046542,9.591845336,9.699599988,0.006648568,0.001342526,0.000572533,2,10,4,1,,,,
train,L1,8.319845535,4.748904808,34.95256595,3.14045244,4.990951926,0.006360294,0.001941629,0.005209371,2,11,4,1,,,,
train,L5,7.548740275,19.76670134,19.82992971,5.057115799,3.888973411,0.010290563,0.000359673,0.010439602,2,12,4,1,,,,
validation_holdout,L3,8.538949482,9.353031613,15.80701654,6.437854426,5.734846119,0.018819735,0.001198262,0.007909219,2,13,4,1,2,0.002912577474489808,0.004149500746279955,0.9929379820823669
train,L1,6.220444235,13.9213476,23.22383036,2.614064495,7.189922857,0.001050849,0.000854128,0.009245462,2,14,4,1,,,,
validation_holdout,L3,5.891718668,3.240782868,17.6016134,2.033499549,3.461270638,0.007109396,0.000898911,0.01962264,2,15,4,1,2,0.003399578155949712,0.00803684163838625,0.9885636568069458
train,L4,6.44412364,9.968999143,15.44851778,7.36347467,7.628258572,0.017145783,0.000515753,0.007330311,2,16,4,1,,,,
train,L2,5.699803996,1.036966037,22.20853654,7.134556134,1.464916214,0.007981484,0.001652018,0.009317567,2,17,4,1,,,,
train,L4,7.359093348,10.3563748,30.67476502,5.28631048,1.443650435,0.004063222,0.000975659,0.003103553,2,18,4,1,,,,
train,L4,8.778119923,19.29833944,26.32361382,5.917152608,4.476589346,0.008553404,0.001091378,0.001435176,2,19,4,1,,,,
train,L5,5.637702392,7.992030903,21.25555978,5.323544005,4.181258729,0.007772495,0.000616474,0.015620486,2,20,4,1,,,,
train,L2,5.927384699,1.260422245,28.08684011,2.192040359,3.840698938,0.018316782,0.000371799,0.011628322,2,21,4,1,,,,
train,L4,7.082696599,1.103637923,19.64036361,4.68297285,5.419177864,0.015262494,0.000180962,0.015333744,2,22,4,1,,,,
train,L4,8.768562561,8.065741819,15.28762892,3.416658043,3.886602241,0.0101518,0.001431097,0.003422325,1,23,4,1,,,,
validation_holdout,L2,6.606546367,3.620486261,30.28706773,2.787393513,2.730321266,0.019768574,0.000400506,0.011650661,2,0,5,1,2,0.0026468848809599876,0.021508200094103813,0.9758449196815491
train,L2,7.27532183,0.955365878,27.4748617,9.653763471,3.785225942,0.009359023,0.00138325,0.005446028,1,1,5,1,,,,
validation_holdout,L4,5.645505007,15.24616547,30.24605249,6.7948778,9.774138455,0.001258933,0.000786849,0.004947205,2,2,5,1,2,0.0016287454636767507,0.005756789818406105,0.9926145076751709
train,L2,6.019201203,9.441198673,15.77876033,7.829250274,4.700020753,0.005319259,0.000837392,0.000724757,1,3,5,1,,,,
train,L4,8.95320543,6.140273053,31.74239256,4.522909946,5.002414992,0.008777803,0.000943663,0.003041644,1,4,5,1,,,,
train,L4,8.877915438,18.05162207,27.390524,5.145177036,6.18890491,0.003222362,0.00074174,0.006530728,2,5,5,1,,,,
train,L5,5.517289933,2.764709724,26.26790701,3.895391951,9.850066916,0.018956546,0.000210234,0.002779136,2,6,5,1,,,,
validation_holdout,L1,8.831341249,19.14041716,27.49228096,2.775725368,3.174411488,0.015360293,0.000626167,0.01972424,2,7,5,1,2,0.0025734473019838333,0.0009172943537123501,0.9965092539787292
train,L4,7.736919782,6.622350989,32.28866494,3.4322531,7.131538995,0.005438915,0.001330831,0.006518337,2,8,5,1,,,,
train,L3,8.537714031,17.82387161,26.73873013,8.380112362,7.443862242,0.01185701,0.001334911,0.003041317,2,9,5,1,,,,
train,L1,7.091589495,12.25738609,26.6190076,7.420366441,6.465919751,0.014456838,0.000579586,0.004382105,2,10,5,1,,,,
train,L1,7.3045861,16.62079351,34.81358314,6.375431008,1.797205057,0.018831451,0.000925604,0.011960213,2,11,5,1,,,,
train,L1,7.210963031,19.68825668,30.13460334,5.800718983,7.091850482,0.017644543,0.00039496,0.001748849,2,12,5,1,,,,
train,L5,7.834024901,6.123906037,23.84587611,9.379474269,1.576852399,0.010352325,0.00042864,0.017317466,2,13,5,1,,,,
train,L4,5.988779392,19.24214197,29.14794,2.581879582,6.365283846,0.015515587,5.59e-05,0.019249244,2,14,5,1,,,,
train,L5,5.604907565,8.094896951,22.78460943,4.244806506,7.656230595,0.011286681,0.001794526,0.005311575,2,15,5,1,,,,
train,L4,6.577754796,8.017482142,19.57750925,4.799502829,2.898729016,0.011098807,0.000429306,0.009276858,1,16,5,1,,,,
train,L5,7.96638267,7.137548533,26.93703754,8.259406498,8.574598068,0.002383365,0.000462792,0.000931622,2,17,5,1,,,,
train,L5,6.206487082,11.05744834,33.56364196,9.940116961,1.27318425,0.002610139,0.000566407,0.012993849,2,18,5,1,,,,
train,L3,7.857013517,3.505828342,33.5827904,3.925364118,8.594315773,0.010637719,0.000263542,0.008571558,2,19,5,1,,,,
train,L5,8.894692161,11.29737396,21.83810556,8.994458673,5.142961456,0.005450345,0.001282133,0.00576614,2,20,5,1,,,,
train,L2,5.828652505,11.06324384,25.55354932,8.644982083,2.958291459,0.000518634,0.000159534,0.004533324,2,21,5,1,,,,
train,L3,7.854107414,15.35708535,19.23271797,3.797259181,2.204003305,0.0144845,0.000277063,0.01325345,2,22,5,1,,,,
validation_holdout,L5,7.053125768,16.75617426,34.91262219,5.194660642,9.579764508,0.000746483,0.001293066,0.008616232,2,23,5,1,2,0.001628301339223981,0.002223731717094779,0.9961479902267456
train,L1,8.53849789,9.088606331,34.62235816,5.277382954,1.653990288,0.011946009,0.000685925,0.004003356,1,0,6,1,,,,
train,L2,6.120024263,6.395498362,27.99017859,9.825765348,2.791840779,0.010829957,0.001418816,0.013937627,1,1,6,1,,,,
train,L2,7.924190833,5.557030498,31.08828119,3.447135211,4.130401127,0.019379412,0.001119275,0.01151891,2,2,6,1,,,,
train,L2,8.433403514,4.295164816,29.30200323,8.393263769,6.582113641,0.009735841,0.000519482,0.017244105,2,3,6,1,,,,
validation_holdout,L3,8.806149768,1.624127853,26.86316438,4.673541713,5.903209767,0.001365669,0.001305148,0.00279078,1,4,6,1,2,0.007438511122018099,0.15790091454982758,0.8346606492996216
train,L5,7.891368099,7.177735587,16.06695994,7.846962766,2.130791432,0.011078591,0.000241385,0.015820499,2,5,6,1,,,,
train,L5,7.240111674,5.769829997,24.09528685,5.360088034,3.607551854,0.016837814,0.001077457,0.013633577,2,6,6,1,,,,
train,L1,7.662465341,19.34513902,28.49572604,6.626878105,3.14876594,0.019937301,0.000879925,0.002742713,2,7,6,1,,,,
train,L1,8.541167446,11.37532211,28.55063228,8.660894187,2.92188569,0.008663829,0.000543068,0.014049004,2,8,6,1,,,,
train,L2,7.497134113,7.271902261,22.46245237,8.43332452,4.700299028,0.006473945,0.00121197,0.009110172,1,9,6,1,,,,
train,L1,5.606354709,11.81911822,33.83383973,8.931385468,7.336283073,0.018142401,0.001743954,0.018927203,2,10,6,1,,,,
train,L3,8.758320434,3.214335676,18.34714064,2.476938603,2.95707639,0.003905718,0.00199782,0.003261421,2,11,6,1,,,,
train,L5,7.913343629,9.158853109,25.00718892,7.536404424,4.300109917,0.012347035,0.001219448,0.013035251,1,12,6,1,,,,
train,L2,7.86779685,12.71156927,28.81767953,3.119899014,4.518256842,0.008173717,0.000815365,0.007948611,2,13,6,1,,,,
train,L1,6.254863033,10.03350772,28.94271612,5.326548544,9.788108765,0.000917539,0.000458162,0.019157886,2,14,6,1,,,,
train,L3,7.806099146,8.334686613,27.97277914,6.38870732,9.591997212,0.007011041,0.000521621,0.00693451,2,15,6,1,,,,
train,L3,6.87852542,19.88004358,20.50576427,5.221915878,8.201238245,0.005378048,0.000964115,0.019262625,2,16,6,1,,,,
train,L1,7.77931542,17.66613786,18.12413137,6.156893406,3.174930287,0.013753214,0.000740883,0.018078974,2,17,6,1,,,,
train,L5,5.873075606,12.65641618,27.71880654,9.97221047,1.612335827,0.018980931,0.001828491,0.005772473,2,18,6,1,,,,
validation_holdout,L1,7.802458566,11.60285854,26.98604232,3.08173851,3.852137239,0.005434139,0.000742908,0.016169065,2,19,6,1,2,0.003117537824437022,0.007495313882827759,0.9893871545791626
validation_holdout,L2,8.99794804,12.60287936,18.58712021,7.403648363,3.401150945,0.016248172,0.000753155,0.019914282,2,20,6,1,2,0.004971003625541925,0.004822378046810627,0.9902066588401794
validation_holdout,L1,5.668742136,4.425586103,29.10278291,5.168007731,5.553332201,0.00120166,0.000773234,0.005426929,2,21,6,1,2,0.005601396784186363,0.08538288623094559,0.9090157151222229
train,L3,8.920109645,8.205185994,24.10343983,3.064078391,7.999551191,0.010808608,0.001674874,0.009017155,2,22,6,1,,,,
train,L1,6.924177863,1.269460891,28.35521183,3.269894107,8.72490645,0.001503946,0.001305069,0.010643524,2,23,6,1,,,,
validation_holdout,L5,8.547637076,9.773147731,31.7473416,9.59418485,8.603776769,0.018687257,0.001232196,0.006251157,2,0,0,1,2,0.001833748770877719,0.008002204820513725,0.9901639819145203
train,L4,8.238349194,11.08897939,18.39456857,9.036811974,4.237080051,0.01535039,0.000674945,0.000797664,2,1,0,1,,,,
train,L1,7.484556913,4.941119854,15.38289736,9.256335683,7.185109091,0.013193203,0.001637629,0.00479252,2,2,0,1,,,,
train,L5,8.084572232,19.29856252,30.58205173,9.932262207,3.815507778,0.016495538,8.63e-05,0.005997769,2,3,0,1,,,,
train,L5,8.574804465,18.23436491,27.1939485,3.66652312,1.548149889,0.012985644,0.001742886,0.009150194,2,4,0,1,,,,
train,L3,6.914491126,14.58179309,28.99279139,4.843514699,7.31408739,0.019381994,0.001030372,0.003836498,2,5,0,1,,,,
train,L5,6.644616065,10.90103926,31.7630995,7.353752239,1.088447973,0.014307763,0.000802518,0.01752846,2,6,0,1,,,,
validation_holdout,L5,7.836576849,17.46439861,31.0562187,5.870420319,4.682643287,0.018500706,0.000999363,0.014245767,2,7,0,1,2,0.001732383156195283,0.0022061411291360855,0.9960615038871765
train,L5,8.327460797,3.047720705,34.21840294,5.347116267,3.964413424,0.010390925,0.001338157,0.002161409,1,8,0,1,,,,
train,L5,8.167997972,15.91494099,25.71870158,4.862489995,7.240397847,0.002429582,3.54e-05,0.013176803,2,9,0,1,,,,
train,L2,8.292347771,2.934005872,24.76991265,6.750245056,7.896209255,0.010610737,0.001744388,0.013246301,2,10,0,1,,,,
train,L2,7.024541602,15.98710792,23.037744,6.604747429,3.736851724,0.002624769,0.000899012,0.019146313,2,11,0,1,,,,
train,L3,8.362419757,5.877467581,18.07382086,3.291662673,8.30464313,0.01189062,0.000692503,0.000558907,2,12,0,1,,,,
validation_holdout,L1,5.920731694,17.60326633,26.45214466,5.7739187,3.645250845,0.009701612,0.000285109,0.005334683,2,13,0,1,2,0.0022813815157860518,0.006854520179331303,0.990864098072052
train,L5,7.405711843,18.90882083,20.54025049,6.42777421,5.01693724,0.01248925,0.000884536,0.018591934,2,14,0,1,,,,
train,L1,5.520155312,3.401521403,33.42615024,6.56229551,7.543166743,0.000299935,0.000997682,0.018676611,2,15,0,1,,,,
validation_holdout,L1,6.636050405,9.522174299,26.66381609,3.680857543,7.236282063,0.003977326,0.000813257,0.014551435,2,16,0,1,2,0.0018265816615894437,0.0028902168851345778,0.9952831864356995
train,L3,6.782615372,19.62925387,26.85680361,7.938171138,9.886316251,0.009877476,0.001360534,0.015432385,2,17,0,1,,,,
train,L5,6.886604421,9.926445001,22.09849322,2.201592759,3.026449218,0.019015021,0.000847584,0.002283918,2,18,0,1,,,,
train,L5,7.934135223,17.33917669,16.03978704,4.838654844,6.960861222,0.00773382,0.001923221,0.010520579,2,19,0,1,,,,
train,L4,6.859953354,11.98026468,15.63487531,8.241701188,6.487137174,0.008545003,0.001202562,0.005015868,2,20,0,1,,,,
validation_holdout,L1,7.070427679,7.818933204,23.46670288,6.511143368,9.23588609,0.014322452,0.001616881,0.004033752,2,21,0,1,2,0.0019305547466501594,0.0019099900964647532,0.9961594343185425
train,L1,6.331404458,6.072779333,16.69130756,4.08929946,2.407259275,0.012115476,0.000227618,0.016300914,2,22,0,1,,,,
train,L2,6.806381271,4.462850276,27.13693911,7.559624955,7.766183472,0.00604863,0.00080061,0.003133244,2,23,0,1,,,,
train,L4,6.295443695,15.35506473,32.61946011,6.539127553,6.114417546,0.008275246,0.000680327,0.009638707,2,0,1,1,,,,
train,L2,5.756185733,8.037539883,32.65829633,8.369948876,3.471992828,0.004432226,0.00114327,0.018802276,2,1,1,1,,,,
validation_holdout,L2,7.612070077,10.46987151,28.1809082,7.88020149,5.269914227,0.019323827,0.001723616,0.004123725,2,2,1,1,2,0.001944323186762631,0.004795958753675222,0.9932597279548645
train,L2,7.838744795,10.10034686,19.22463663,6.880863376,4.003989374,0.002699624,0.000165893,0.019570872,2,3,1,1,,,,
validation_holdout,L3,7.668216211,11.75694107,32.25993663,5.905421402,6.213820625,0.007499552,0.000154424,0.019888616,2,4,1,1,2,0.0017692104447633028,0.006675743032246828,0.9915550351142883
train,L3,7.122229153,17.37875434,32.72186871,3.065457005,9.001005497,0.000614196,0.001702132,0.011334535,2,5,1,1,,,,
validation_holdout,L2,6.829250231,19.6244172,18.9330717,4.090664143,6.12374486,0.004513412,0.000433572,0.003817783,2,6,1,1,2,0.0021623733919113874,0.0017465552082285285,0.9960910677909851
validation_holdout,L4,8.521667774,8.447892067,29.74852172,5.352795783,6.685501765,0.015631376,0.001340819,0.006664045,2,7,1,1,2,0.0020790817216038704,0.009781423956155777,0.9881395101547241
train,L1,7.316786248,16.63661898,20.73039098,6.794394296,5.668730624,0.004103387,0.001090327,0.00877761,2,8,1,1,,,,
train,L4,7.177136572,15.408292,31.05280625,6.109662842,1.460489558,0.001693262,0.001667458,0.006531822,2,9,1,1,,,,
validation_holdout,L5,5.58974723,11.68381455,34.944758,4.305476208,3.095727012,0.009541618,0.000258927,0.005972394,2,10,1,1,2,0.0030286398250609636,0.054903700947761536,0.9420676827430725
train,L3,6.694367397,19.1429193,15.60052011,2.051714862,5.428015565,0.000298388,0.000268268,0.019458479,2,11,1,1,,,,
train,L1,6.830684666,4.409253053,32.94731732,5.969913775,3.792117554,0.001786846,0.001118069,0.003490614,1,12,1,1,,,,
validation_holdout,L1,6.895879733,2.630652101,27.45261067,4.285007908,2.63587238,0.016171755,0.001893294,0.014799894,2,13,1,1,2,0.0022751360666006804,0.006641016341745853,0.9910838603973389
validation_holdout,L5,7.530603292,17.15225836,34.46765238,7.876866406,5.537195577,0.01545232,0.000835846,0.000508001,2,14,1,1,2,0.0023571911733597517,0.01755599118769169,0.9800868034362793
train,L5,7.367608914,9.063421424,24.30019035,2.191570122,3.905288141,0.018311263,0.000660615,0.012125562,2,15,1,1,,,,
train,L2,7.627667825,17.01589266,31.94775861,6.67862249,3.322968789,0.017104857,0.001217312,0.018360889,2,16,1,1,,,,
train,L3,8.177091415,17.915259,16.24788137,9.5317939,5.175868757,0.013695194,0.001861593,0.006114715,2,17,1,1,,,,
train,L3,8.345450086,1.717923076,21.705581,3.395274137,2.199558323,0.001141424,0.001675486,0.004117757,2,18,1,1,,,,
train,L4,8.013430767,17.72756288,16.34033076,5.773195926,9.349711598,0.015678687,0.001991012,0.013207756,2,19,1,1,,,,
validation_holdout,L2,8.844332936,9.24222158,34.50686267,2.731375935,8.809318881,0.016925665,5.49e-05,0.014395727,2,20,1,1,2,0.001810736022889614,0.001631555031053722,0.9965576529502869
train,L2,5.563814039,10.45343354,31.33947815,7.005455298,7.368585272,0.016001735,0.000234588,0.013916595,2,21,1,1,,,,
train,L2,6.18522295,12.71855397,32.05094842,6.404253445,1.955924448,0.010218733,0.001222841,0.006726679,2,22,1,1,,,,
train,L2,5.526470062,18.56446083,33.75930463,5.258924194,7.98289529,0.004734747,0.001642947,0.005417947,2,23,1,1,,,,
train,L3,7.7661615,0.872763841,16.70206972,6.171016172,8.271615953,0.016922067,0.000577636,0.019140417,2,0,2,1,,,,
validation_holdout,L3,8.643106921,9.798447632,22.71195185,9.172597268,7.909881559,0.01457054,0.00048603,0.01850434,2,1,2,1,2,0.0019932433497160673,0.005467880982905626,0.9925388693809509
train,L2,6.352188038,13.91057983,16.42069778,3.570354418,2.025692984,0.019617147,0.001576082,0.009417674,2,2,2,1,,,,
train,L4,8.744620907,14.59278568,19.21586203,2.180516094,6.795171614,0.003198283,0.0001222,0.01700078,2,3,2,1,,,,
train,L1,5.710935866,14.00438241,19.58731554,8.893319078,8.508923162,0.004590725,0.000745071,0.009320308,2,4,2,1,,,,
validation_holdout,L1,8.770526094,3.121485023,24.38214422,6.616936659,6.196180611,0.004314783,0.00101656,0.008775586,2,5,2,1,2,0.004289278294891119,0.04719819873571396,0.9485125541687012
train,L4,6.730679405,6.338213973,20.37124335,9.125267644,6.817666377,0.015871541,0.001125094,0.003556877,2,6,2,1,,,,
train,L2,5.8549729,7.494952746,17.01956214,6.775561787,5.125271315,0.003819455,0.001459944,0.008814918,2,7,2,1,,,,
train,L3,7.200551157,16.18652555,18.34982178,8.48128872,5.758365879,0.001426531,0.000716143,0.01097963,2,8,2,1,,,,
train,L1,6.398717987,5.935817512,17.94551127,5.437386907,1.309391725,0.01997136,0.001229242,0.000938834,2,9,2,1,,,,
train,L5,6.497055157,4.608746795,34.46153596,7.99887945,6.750667198,0.000593863,0.001174897,0.009160204,2,10,2,1,,,,
train,L5,6.575514877,19.17023637,30.18585014,9.304331735,1.733024916,0.016721357,0.001099756,0.015736446,2,11,2,1,,,,
train,L4,8.310590642,0.67283406,34.35522931,6.57698371,4.915131349,0.0073708,0.001284562,0.013760898,1,12,2,1,,,,
train,L2,7.387064468,19.95750669,23.79480973,3.446281204,3.633895879,0.016848148,0.000526304,0.012885561,2,13,2,1,,,,
validation_holdout,L1,6.589576947,13.69801533,20.56736963,4.15038092,5.908851552,0.011136948,0.000178451,0.018236331,2,14,2,1,2,0.002060598460957408,0.0017759142210707068,0.9961634874343872
train,L2,7.636168242,16.65515134,30.96586394,3.589156615,2.20074702,0.018042461,0.000247351,0.000851624,2,15,2,1,,,,
train,L1,8.00652736,6.245078229,21.52507836,3.974856221,7.224790618,0.01853124,0.000456919,0.011362428,2,16,2,1,,,,
validation_holdout,L4,6.454184003,0.779147915,20.98766747,4.451323595,8.155103832,0.000281054,0.001005394,0.015853303,2,17,2,1,2,0.0034844453912228346,0.04718232527375221,0.9493331909179688
train,L4,6.947421855,14.88845561,19.65011984,6.441070294,2.470190048,0.001600702,0.001682481,0.01105604,2,18,2,1,,,,
validation_holdout,L5,5.926601327,16.76581964,17.59357956,6.703933036,1.938817786,0.005082139,0.001405574,0.006815963,2,19,2,1,2,0.0037634384352713823,0.01332275103777647,0.9829137921333313
train,L2,6.134022723,14.93928457,20.12926122,5.411997978,2.309639345,0.013419377,0.001580191,0.003156886,2,20,2,1,,,,
train,L5,7.883912489,3.285580602,22.10639497,6.923366239,8.894148057,0.017776617,0.000708441,0.01780748,2,21,2,1,,,,
train,L2,6.135034217,15.19184448,28.47988416,2.652599405,5.753703356,0.009252845,0.000815261,0.009679867,2,22,2,1,,,,
train,L5,7.338071843,15.49399425,16.25129684,2.702305896,5.205348964,0.012178765,0.000793427,0.017623246,2,23,2,1,,,,
validation_holdout,L3,7.981661916,13.34154006,19.21013879,3.374635683,1.960406372,0.003851147,0.000391828,0.011924116,2,0,3,2,2,0.004474785178899765,0.026501666754484177,0.9690235257148743
train,L3,5.874069231,15.43926069,31.18047281,6.144619984,6.846004061,0.01611884,0.000131821,0.013646746,2,1,3,2,,,,
validation_holdout,L3,7.485592769,16.99546807,17.93843847,3.71195743,8.811996327,0.019349829,0.001185923,0.016183093,2,2,3,2,2,0.002877563703805208,0.000548620184417814,0.996573805809021
train,L3,6.397969743,12.46528023,21.85290293,4.266275228,8.453672824,0.005445119,0.001978541,0.013353533,2,3,3,2,,,,
train,L1,8.870244063,2.227791922,32.29317844,5.202502689,6.634492381,0.009947036,0.000341991,0.008262069,2,4,3,2,,,,
train,L3,7.192409764,10.00874229,18.09850622,8.494928992,1.67750845,0.001813711,0.000102903,0.010515851,2,5,3,2,,,,
train,L4,8.320973924,2.014162026,16.65473671,2.110897087,2.011573245,0.011226819,0.001561268,0.016159388,2,6,3,2,,,,
train,L4,7.425792898,8.447089105,24.6907599,7.195030562,1.443780884,0.01010539,0.000512646,0.007786181,1,7,3,2,,,,
train,L1,5.651943865,8.438576538,21.04839023,7.351012248,3.317312948,0.002974286,0.001660991,0.008068368,2,8,3,2,,,,
validation_holdout,L3,7.716029815,1.787191961,26.26816729,8.389246243,2.220953204,0.008897118,0.001410834,0.002365957,1,9,3,2,2,0.00943906232714653,0.30019405484199524,0.6903668642044067
train,L3,8.829911698,7.302000412,31.07609781,9.462023512,3.340432362,0.006748683,0.00189189,0.018334396,2,10,3,2,,,,
validation_holdout,L3,7.605641371,2.664462926,17.74296976,2.161102792,4.465522501,0.010484434,0.000823765,0.002275208,2,11,3,2,2,0.005076820030808449,0.030989885330200195,0.9639332890510559
validation_holdout,L5,8.367161008,16.2605866,26.61398169,3.230269644,9.486845057,0.011754521,0.00132732,0.013140079,2,12,3,2,2,0.002283056266605854,0.000716144684702158,0.9970007538795471
train,L2,8.594722622,18.97991651,25.11017521,9.089370352,6.493384538,0.000269062,0.000935061,0.008557292,2,13,3,2,,,,
train,L5,6.298279202,1.910171268,17.88157572,5.668148497,8.514764071,0.015244019,0.001264872,0.008409578,2,14,3,2,,,,
train,L2,6.24215694,19.12474654,27.47996971,6.516725111,7.393163506,0.014288984,0.000904702,0.013751261,2,15,3,2,,,,
train,L3,7.638433461,10.69024369,20.47280836,7.30421763,2.012528175,0.007389099,0.000385378,0.001808328,2,16,3,2,,,,
train,L3,6.938599644,6.34153072,24.75668637,7.432532836,7.623283657,0.001153425,0.001020716,0.012077263,2,17,3,2,,,,
train,L5,8.43951456,1.998810468,16.64544649,9.453923227,3.475889934,0.015123158,0.001061883,0.01555462,2,18,3,2,,,,
validation_holdout,L5,8.650080932,10.26217323,24.19168114,9.975595339,6.751970623,0.019107986,0.001623102,0.016650149,2,19,3,2,2,0.002459360519424081,0.004381086677312851,0.9931595325469971
train,L2,6.736974828,15.99305312,21.12926936,7.761259687,4.068657763,0.004879017,0.001473686,0.003825343,2,20,3,2,,,,
train,L4,6.329046956,14.28818631,31.44762422,4.297769674,9.979050369,0.00653814,0.001330945,0.017999671,2,21,3,2,,,,
validation_holdout,L2,8.231839303,1.479407224,16.13957454,9.038019218,3.371963315,0.003757877,0.00023564,0.013294849,1,22,3,2,2,0.015103043988347054,0.2740698456764221,0.710827112197876
train,L5,6.461821124,1.92158579,23.3721455,2.393767316,3.512174237,0.011581029,0.001444026,0.017696169,2,23,3,2,,,,
train,L5,8.379150115,8.356029011,24.16862848,3.848646823,9.3760503,0.003181344,0.001005607,0.009962974,2,0,4,2,,,,
train,L1,6.983083888,6.258164634,29.50012153,9.17908574,1.221799642,0.007188259,0.001789258,0.01106965,2,1,4,2,,,,
train,L5,7.836424648,5.0314943,26.4857515,4.049532116,7.270200891,0.013970559,0.001840543,0.018421246,2,2,4,2,,,,
train,L1,5.834373598,5.979587729,28.34424674,3.765208477,7.527937517,0.011246308,0.000119762,0.018048236,2,3,4,2,,,,
train,L4,7.683507636,16.16791349,30.54098571,3.105002345,8.527407197,0.007790605,0.001643077,0.009239137,2,4,4,2,,,,
train,L2,7.081186876,18.61994705,32.24405947,8.872894061,9.769953796,0.008462967,8.5e-05,0.005851046,2,5,4,2,,,,
train,L2,7.553129621,8.399502543,21.27750993,6.000466074,9.780417272,0.011286007,0.000740668,0.008166823,2,6,4,2,,,,
validation_holdout,L1,6.088049727,18.16916454,25.76045411,7.399145624,1.587490818,0.000216708,0.001089177,0.008061404,2,7,4,2,2,0.0031879234593361616,0.01247158832848072,0.9843405485153198
validation_holdout,L2,8.079058107,6.769166174,31.80216157,3.912531073,8.396553905,0.001662346,0.000304721,0.006093904,2,8,4,2,2,0.0021803996060043573,0.011039894074201584,0.9867796897888184
train,L5,8.519789771,9.790521234,34.78902262,8.064323368,6.816789403,0.017637036,0.001495164,0.005737302,2,9,4,2,,,,
train,L3,6.2585893,4.907565457,32.79038622,8.08004436,6.826079209,0.001649792,2.66e-05,0.017290727,2,10,4,2,,,,
train,L1,5.835000944,12.98928282,22.42934525,4.500784199,2.15514934,0.014165392,0.000345512,0.001862307,2,11,4,2,,,,
train,L2,5.582735051,19.59013175,18.90333034,5.285461064,6.851684498,0.018408759,0.001165786,0.013713418,2,12,4,2,,,,
train,L1,7.746900252,12.26811537,24.78785075,3.677522219,9.842343225,0.005486604,0.001431631,0.003869991,2,13,4,2,,,,
train,L1,7.624829126,7.47737464,29.83282904,9.812488187,9.206367126,0.00747278,0.00183412,0.007217865,2,14,4,2,,,,
train,L3,7.413440944,13.1324402,24.85138142,7.164820616,4.952175947,0.011421536,0.001413938,0.001700089,2,15,4,2,,,,
train,L5,6.311814836,2.89695323,24.66361727,9.476351046,1.35953176,0.017646008,0.001346841,0.005764486,2,16,4,2,,,,
train,L1,6.868170986,17.82885207,31.76460842,4.427084349,4.26064141,0.018843921,0.000794739,0.015484211,2,17,4,2,,,,
train,L2,7.580667173,10.31013704,22.22807558,8.255127304,8.437512804,0.014817309,1.26e-05,0.017757799,2,18,4,2,,,,
train,L4,7.238684006,9.26231997,32.1958935,8.126869151,7.313491913,0.001823733,0.000249117,0.004819779,2,19,4,2,,,,
train,L1,8.957249321,11.92436337,23.13609602,7.533245215,5.1340929,0.013416168,0.001073764,0.009539183,2,20,4,2,,,,
train,L1,5.977539134,12.68328532,21.56466211,9.725111802,1.495913816,0.008265044,0.001353508,0.009671319,2,21,4,2,,,,
train,L3,7.933005939,1.899628221,24.07979822,5.148442689,4.84205255,0.00946695,0.000840722,0.017534718,2,22,4,2,,,,
validation_holdout,L5,6.915115688,13.81103581,30.24893917,3.045738589,5.221224457,0.001078053,0.001464051,0.015374582,2,23,4,2,2,0.002125500701367855,0.004253554157912731,0.9936209321022034
train,L4,6.998698652,5.217667766,17.52004056,7.373670874,9.356999796,0.003902137,0.001048506,0.010505006,2,0,5,2,,,,
validation_holdout,L2,8.01159218,14.42207633,18.92838432,7.834478404,6.769774932,0.015831221,0.000157611,0.01357957,2,1,5,2,2,0.0021186897065490484,0.0027102178428322077,0.9951711297035217
train,L4,7.92352653,16.53942849,34.02889651,6.600484588,3.80487625,0.009133781,0.000392112,0.017023424,2,2,5,2,,,,
validation_holdout,L2,8.969395978,16.1771909,18.50983255,3.654543145,5.72786438,0.006103079,0.001681596,0.00068601,2,3,5,2,2,0.0029260776937007904,0.0031438968144357204,0.9939299821853638
train,L5,5.949380013,11.27376886,26.35454636,6.035647533,1.59449777,0.00774198,0.001452576,0.008356356,2,4,5,2,,,,
train,L2,5.864383773,10.6433129,26.58628933,4.497517893,9.753114121,0.01710255,0.001790576,0.018191242,2,5,5,2,,,,
train,L3,8.03518586,3.286081246,24.79248924,5.419732225,4.240539117,0.01500508,0.000243939,0.014936104,2,6,5,2,,,,
validation_holdout,L3,7.52435421,15.61924993,27.89490497,7.161748607,5.300806194,0.005519076,0.001980543,0.011085407,2,7,5,2,2,0.0019165496341884136,0.0024502782616764307,0.9956331849098206
train,L3,6.459562333,5.792482919,19.59653452,7.961717942,4.197555768,0.002438287,0.000426719,0.010828068,1,8,5,2,,,,
train,L3,5.777967791,10.18556074,26.05324536,3.857797527,7.142605571,0.005114765,3.34e-05,0.007281517,2,9,5,2,,,,
validation_holdout,L4,5.799803874,6.043344812,22.4434651,5.242602885,6.960089425,0.018423053,0.001994872,0.01065015,2,10,5,2,2,0.0018264452228322625,0.002055105520412326,0.996118426322937
train,L5,8.629668061,3.109653078,28.23334519,4.153292568,7.437900795,0.011673618,0.000569337,0.013279972,2,11,5,2,,,,
train,L2,6.171535637,12.77637509,17.82447087,3.589052911,3.413289067,0.010716256,0.001339359,0.008658079,2,12,5,2,,,,
train,L2,6.631800467,1.559474679,26.41754834,8.26709776,3.84101633,0.011968233,0.000361598,0.014425986,1,13,5,2,,,,
validation_holdout,L3,6.293297408,15.09858207,18.70540711,9.274021555,2.12726108,0.007383962,0.001164655,0.017294028,2,14,5,2,2,0.003703337162733078,0.012176415883004665,0.9841203093528748
train,L3,6.74248707,6.692942508,20.57286126,4.961857485,6.899589747,0.01616143,0.00180903,0.003516355,2,15,5,2,,,,
train,L1,5.74298345,0.502626514,19.37419601,8.010231395,1.358174146,0.010513396,0.000647161,0.009305167,2,16,5,2,,,,
train,L5,7.316709268,10.46701822,18.6567556,9.175962315,6.37914102,0.002423283,0.001343805,0.008456392,2,17,5,2,,,,
validation_holdout,L4,5.736643973,1.413612216,31.51421903,8.768993684,8.827262964,0.002668396,0.000383928,0.013905564,2,18,5,2,2,0.004394067917019129,0.13776496052742004,0.8578409552574158
train,L2,8.301247777,5.885306378,20.71415135,3.462507108,9.017489335,0.010783497,0.001253343,0.005372416,2,19,5,2,,,,
validation_holdout,L1,6.317992287,14.28604151,33.54247564,9.650335052,5.041339843,0.018737747,0.000679536,0.012984893,2,20,5,2,2,0.002065910492092371,0.003965956158936024,0.99396812915802
train,L1,7.390041701,1.722447622,34.39853051,5.013411523,5.133733194,0.006236207,0.000430304,0.01761104,2,21,5,2,,,,
train,L2,8.580276806,16.8671006,26.4252094,4.713925289,1.692722647,0.017403869,0.000633232,0.008653566,2,22,5,2,,,,
train,L4,7.778070792,0.574488492,17.86002245,2.499450618,7.036885229,0.015305502,0.000365894,0.018264806,2,23,5,2,,,,
validation_holdout,L1,7.365352253,5.313065449,22.49096487,5.889389233,8.391334783,0.005031468,0.001804813,0.019866693,2,0,6,2,2,0.0020295537542551756,0.002896437654271722,0.9950739741325378
train,L1,6.635168136,14.94762909,30.95464527,2.872108925,3.201895491,0.000823181,0.000800402,0.002568795,2,1,6,2,,,,
validation_holdout,L5,6.665506696,6.66726792,22.34781457,3.988318567,4.791707935,0.002126761,0.000498106,0.005044537,1,2,6,2,2,0.0056786490604281425,0.0988587960600853,0.8954625129699707
train,L4,7.843204343,2.486901567,16.74034437,4.535540974,8.549554031,0.014597029,0.000902332,0.019032405,2,3,6,2,,,,
train,L1,8.979487764,7.524561417,26.13569822,8.470610588,8.894084209,0.004073428,0.000647867,0.01918739,2,4,6,2,,,,
train,L4,7.816437164,5.772669084,31.90241703,9.003909203,3.188619822,0.007488291,0.001491394,0.002405292,1,5,6,2,,,,
train,L2,7.452241961,16.93288209,30.91852774,4.41973054,5.955135711,0.010083813,0.001942728,0.000792471,2,6,6,2,,,,
train,L3,8.057276786,6.610284393,18.5024628,8.86958497,2.732438356,0.014536817,0.000881687,0.00364145,1,7,6,2,,,,
train,L1,7.128219643,15.8841832,28.45529229,8.857847499,1.916908877,0.002353301,0.001723456,0.019922249,2,8,6,2,,,,
train,L5,5.710498199,17.89150682,19.41008527,8.117207603,9.200084513,0.008186691,0.001136068,0.004009993,2,9,6,2,,,,
train,L2,7.468038856,8.959439682,19.36415069,3.173560912,8.384567538,0.009752951,0.000322899,0.010299678,2,10,6,2,,,,
train,L4,8.851688496,18.24389131,32.48143547,7.522582775,7.840314116,0.010862459,0.001384339,0.017044146,2,11,6,2,,,,
train,L2,6.113560298,7.857702052,19.99337905,9.560192517,1.438896869,0.016385377,0.001031735,0.000897831,2,12,6,2,,,,
train,L1,7.915017118,19.29952912,20.26494693,7.46032383,8.593559134,0.003516396,0.001304707,0.012287535,2,13,6,2,,,,
train,L4,6.20326791,2.241145728,15.01306782,4.652934793,4.942396683,0.016175846,0.001780478,0.005901996,2,14,6,2,,,,
train,L3,7.375396896,13.8968757,32.41338068,6.004634539,4.08155611,0.013888281,0.000886465,0.017315531,2,15,6,2,,,,
train,L2,5.838367574,10.12937379,30.85189626,7.165800347,5.918287249,0.011161829,0.001803343,0.006027492,2,16,6,2,,,,
train,L1,7.076298277,8.059151706,27.5465787,6.08456327,1.822179185,0.014020605,0.001503831,0.013891737,2,17,6,2,,,,
validation_holdout,L5,8.146571651,12.83788164,30.00531528,2.959623534,7.809818944,0.008299153,0.000982324,0.013647283,2,18,6,2,2,0.0020535974763333797,0.002265105489641428,0.9956812858581543
train,L4,6.716500335,14.22521329,18.04097135,4.496512357,6.241915692,0.002854112,0.001210412,0.004819124,2,19,6,2,,,,
train,L2,7.827191036,0.585083758,24.16647189,8.419168244,2.679310872,0.013348728,0.000657906,0.001178584,1,20,6,2,,,,
train,L2,8.284074863,3.755585231,22.02438775,8.891344369,2.694089798,0.010540979,0.001967359,0.008480367,2,21,6,2,,,,
validation_holdout,L3,8.745122368,14.40439799,16.87553053,3.098400262,2.658237864,0.012823559,0.001338029,0.006139266,2,22,6,2,2,0.0047694360837340355,0.004487205762416124,0.9907433390617371
validation_holdout,L3,6.321247286,13.49451556,24.7226097,9.619094019,1.513021488,0.006826176,9.73e-05,0.016275066,2,23,6,2,2,0.011407444253563881,0.2085990458726883,0.7799935340881348
validation_holdout,L5,6.897605705,19.33792635,33.41479301,4.630580943,6.290186044,0.018146645,0.000659978,0.016107102,2,0,0,2,2,0.001611095736734569,0.0012584945652633905,0.9971304535865784
train,L5,6.033456047,15.34023691,15.80118238,7.29850991,8.563133598,0.01178866,0.001250396,0.009411967,2,1,0,2,,,,
train,L1,8.973692258,19.0400678,20.82921827,8.014601168,1.157483926,0.001799509,0.000122103,0.012326988,2,2,0,2,,,,
train,L1,8.744503388,14.19953978,19.15081872,8.495569877,1.441041805,0.009051099,5.75e-05,0.012283061,2,3,0,2,,,,
validation_holdout,L5,7.389849956,6.312018068,19.76293307,9.565997618,6.15493249,0.015151485,0.000905548,0.016629584,2,4,0,2,2,0.0026647106278687716,0.014032338745892048,0.9833030104637146
train,L5,8.44711653,2.554615984,33.16869104,4.503356384,8.375461168,0.015903278,0.000672053,0.008787547,2,5,0,2,,,,
train,L4,7.32335292,15.74556534,24.36138108,8.868051636,3.940650015,0.009942481,0.000882214,0.00587121,2,6,0,2,,,,
train,L3,7.682549908,13.06090982,24.32598826,3.053495227,4.146529589,0.017905477,0.00053276,0.005668181,2,7,0,2,,,,
train,L1,5.811935512,1.439627242,30.21151285,7.640327251,6.367118477,0.005426602,0.000337788,0.010955749,2,8,0,2,,,,
train,L3,8.143446472,7.520984085,18.08984408,7.935821836,3.467916002,0.008270914,0.001381395,0.00925839,1,9,0,2,,,,
train,L3,5.946997193,19.1575964,24.74530708,7.42178593,1.239475295,0.017982079,0.001033997,0.009082355,2,10,0,2,,,,
train,L5,8.391236706,10.25782234,23.59970428,4.018517889,7.617056663,0.017935509,0.000408307,0.002277178,2,11,0,2,,,,
validation_holdout,L4,8.237098307,8.938218152,26.93821381,8.984345176,6.630849216,0.013745684,0.000645983,0.014512773,2,12,0,2,2,0.0026152117643505335,0.01669015735387802,0.9806946516036987
validation_holdout,L2,7.980606442,9.425142301,34.99115407,3.350867707,6.226803992,0.017193713,0.001187698,0.004667865,2,13,0,2,2,0.0015806308947503567,0.002619160106405616,0.9958001971244812
train,L4,5.626561332,4.573213118,30.38897788,2.429078332,7.675157161,0.001866588,0.000153736,0.004340596,2,14,0,2,,,,
train,L4,6.560949246,7.689789832,22.95731406,7.739719925,7.077077538,0.0173134,0.000303431,0.008548787,2,15,0,2,,,,
train,L3,6.420893995,7.711358492,31.55106105,5.803805722,2.852937894,0.006480336,0.000155759,0.004941678,1,16,0,2,,,,
train,L4,6.760477426,1.520922894,18.41416727,8.79278416,4.172329422,0.003648797,0.001626511,0.011885236,2,17,0,2,,,,
train,L1,5.806749614,15.46756876,15.60927373,5.067177128,2.134991275,0.00486346,0.001507294,0.007743535,2,18,0,2,,,,
train,L3,8.779352381,8.621836422,19.08896745,3.346228708,2.168713121,0.008417573,0.001509093,0.009253779,2,19,0,2,,,,
train,L1,7.438307842,16.53250779,21.80823112,8.69153754,7.085761717,0.005098721,0.001435487,0.010974802,2,20,0,2,,,,
train,L2,6.569335087,17.08178602,25.21161515,6.391277053,8.727400963,0.006479295,0.001342077,0.004468943,2,21,0,2,,,,
validation_holdout,L3,6.88943531,4.633884067,27.30258281,3.513566339,9.664593255,0.002786072,0.000959214,0.003537157,2,22,0,2,2,0.002251571277156472,0.00671685254201293,0.9910316467285156
train,L2,7.065208892,13.3183929,33.21211434,7.763071989,6.655124058,0.005993918,0.001288134,0.017668227,2,23,0,2,,,,
train,L3,7.602080167,9.709495181,25.19708019,6.088909108,2.65691191,0.011488448,8.63e-05,0.008957612,1,0,1,2,,,,
train,L5,7.304877997,17.66305639,25.02551289,6.834503858,1.950853109,0.008892889,0.001246714,0.008535825,2,1,1,2,,,,
train,L4,8.717871906,4.706943244,16.0048602,5.687186706,8.315658744,0.006999703,0.001557977,0.001194437,2,2,1,2,,,,
train,L5,7.23937219,13.71735741,15.69823105,8.629671871,6.208808287,0.014954397,0.001005713,0.010210538,2,3,1,2,,,,
validation_holdout,L2,8.972553052,12.35116638,26.02319924,8.636501725,6.564565189,0.017880848,0.000721452,0.01130631,2,4,1,2,2,0.0021700116340070963,0.003495442448183894,0.9943345785140991
validation_holdout,L4,8.479987352,6.258378813,23.76357226,7.675110575,8.033158799,0.015160106,0.000562079,0.011397397,2,5,1,2,2,0.0023509429302066565,0.01357069332152605,0.9840784072875977
validation_holdout,L3,6.2297868,3.163717621,31.7836079,2.843211019,7.32949505,0.006706814,0.001289176,0.014287108,2,6,1,2,2,0.0016166734276339412,0.006533649750053883,0.9918496608734131
validation_holdout,L4,8.757083251,13.20697533,18.21359169,8.710830895,8.510124276,0.014914399,0.001388674,0.003960896,2,7,1,2,2,0.002420540200546384,0.003702656365931034,0.9938767552375793
validation_holdout,L1,5.907282393,14.90265043,15.49943324,7.368103844,1.505925149,0.003124406,0.001743226,0.005418351,2,8,1,2,2,0.004284006077796221,0.009290343150496483,0.9864256381988525
validation_holdout,L4,8.36107398,6.654733203,23.98077536,7.576193328,7.727685731,0.002693328,0.000691245,0.016309244,2,9,1,2,2,0.0030817727092653513,0.026592569425702095,0.9703256487846375
train,L1,6.832181527,13.07423578,19.74957114,4.903862723,8.657674816,0.006977978,0.001541847,0.018969827,2,10,1,2,,,,
train,L4,8.572910122,8.205052698,15.99228747,9.034236449,3.575215382,0.016173277,0.001127098,0.003150689,2,11,1,2,,,,
train,L1,8.538198415,14.40753422,29.49196574,7.802972802,6.764025466,0.00500233,0.001766845,0.010204166,2,12,1,2,,,,
train,L2,8.3207389,4.38469786,17.23186,2.900723732,3.827458575,0.001358743,0.001060346,0.004676437,2,13,1,2,,,,
train,L5,8.265106527,17.85919255,27.16639,5.262224275,9.621739598,0.00272102,0.001040083,0.001671427,2,14,1,2,,,,
validation_holdout,L3,6.566376987,6.104487131,20.620995,9.091042896,1.300812152,0.017189025,0.001159975,0.006847315,2,15,1,2,2,0.006480542477220297,0.07250481843948364,0.921014666557312
train,L4,5.783217491,7.671826761,18.46992101,2.377573614,6.218135594,0.012712287,0.001501138,0.003301909,2,16,1,2,,,,
train,L5,6.910430626,1.632793066,22.59503046,9.691332957,2.498531923,0.005138703,0.001929734,0.014343695,2,17,1,2,,,,
train,L3,6.107335802,2.67448814,31.02891552,7.433300547,7.409981847,0.011150387,0.000156391,0.010907646,2,18,1,2,,,,
train,L3,7.932328811,10.5593071,22.84187154,7.051007821,2.583012551,0.010598834,0.000116335,0.003304772,2,19,1,2,,,,
train,L1,6.711349043,5.718057196,30.01539298,4.164474052,3.118449357,0.013143176,0.001875725,0.000680211,2,20,1,2,,,,
train,L2,8.914635703,16.7918644,17.50972594,3.99033431,5.449337299,0.004740432,0.001064452,0.016259062,2,21,1,2,,,,
train,L2,7.743402271,0.786521079,30.45542839,9.536465756,9.23351455,0.017301619,0.001233657,0.003935791,2,22,1,2,,,,
validation_holdout,L5,8.378681973,7.892333949,19.7386665,4.386179634,2.905429349,0.006256434,0.000970023,0.012321225,1,23,1,2,2,0.006018111482262611,0.04645746573805809,0.9475244283676147
validation_holdout,L2,5.963836355,7.078238162,28.5478626,8.204042374,2.29816019,0.01391322,0.000196378,0.007069977,2,0,2,2,2,0.005265496205538511,0.12891264259815216,0.8658217787742615
validation_holdout,L4,8.517050688,0.876888803,26.3156311,5.144974386,7.830791487,0.00042088,0.001538498,0.011916976,2,1,2,2,2,0.0036336174234747887,0.05929535999894142,0.9370709657669067
train,L2,8.729650167,2.925183781,33.58289434,3.114032566,5.505575791,0.007515877,0.001496977,0.006655246,1,2,2,2,,,,
train,L5,7.204716716,8.566032161,22.74645036,2.085722382,9.206066011,0.007099025,0.00063029,0.002195321,2,3,2,2,,,,
train,L2,7.621885282,10.1108594,16.32330378,6.354058696,2.319531014,0.01091534,0.000619416,0.004847525,2,4,2,2,,,,
train,L4,8.176834303,8.383650071,15.38310971,9.806230548,6.813351037,0.001547452,0.001677304,0.004167142,2,5,2,2,,,,
train,L1,6.111935195,10.85328473,31.53717122,4.95308955,3.095912315,0.015823614,0.000153991,0.008846377,2,6,2,2,,,,
train,L5,7.258981268,12.10506766,25.49471275,4.857538672,2.410843858,0.004433838,0.001763399,0.013336534,2,7,2,2,,,,
train,L1,6.895320597,0.693514512,30.50488104,4.752732943,7.150864736,0.013573053,0.000520757,0.005644218,2,8,2,2,,,,
train,L1,6.012308973,9.549855609,19.688512,6.164350698,6.343161579,0.016083921,0.00119004,0.000735364,2,9,2,2,,,,
train,L1,6.786370478,19.2882352,21.90167491,5.525319067,7.793447125,0.011281351,0.001872628,0.010619279,2,10,2,2,,,,
train,L3,5.738603083,10.62112946,15.60207744,9.039317014,3.785163188,0.014843576,0.001359464,0.01231231,2,11,2,2,,,,
train,L3,5.590341674,13.71207422,34.22984649,6.044166334,5.031744907,0.01327102,0.000834715,0.019275975,2,12,2,2,,,,
train,L1,5.973082012,6.581345229,28.35735813,6.062062706,4.649245087,0.007175043,0.001382173,0.011994681,2,13,2,2,,,,
train,L5,8.870902891,15.59283187,33.66410176,3.106972758,9.856805176,0.016196285,0.000694519,0.009687865,2,14,2,2,,,,
train,L4,7.423353376,15.5719689,20.30992815,9.861916327,3.630240611,0.005964557,0.000561744,0.011681332,2,15,2,2,,,,
train,L4,8.880377564,10.66527293,27.22927222,3.999783127,3.653355145,0.011467137,0.0019934,0.018594062,2,16,2,2,,,,
train,L2,7.013742574,19.53226955,28.56999937,2.58691254,4.190933879,0.014933415,0.001504073,0.016653374,2,17,2,2,,,,
train,L5,6.591356466,2.948229188,21.35099401,7.305169992,6.081346732,0.007641223,0.001292993,0.006798085,2,18,2,2,,,,
train,L3,7.27149652,0.830479465,31.9621847,6.762930961,3.270904698,0.006125075,0.000717026,0.00512646,1,19,2,2,,,,
train,L1,7.03829091,15.51808513,33.94322926,5.321165232,9.237609463,0.009240986,0.00010783,0.005621355,2,20,2,2,,,,
train,L2,5.869826395,16.23953298,32.69710235,5.377537871,3.391170084,0.016377474,7.18e-05,0.01033621,2,21,2,2,,,,
validation_holdout,L4,7.742892101,2.844040968,29.78133952,8.280511368,9.062341584,0.018605443,0.001112821,0.015008964,2,22,2,2,2,0.002011587843298912,0.007478868123143911,0.9905095100402832
train,L3,6.256133639,5.678865243,20.54929359,3.565701121,1.931275573,0.01094716,0.001526445,0.010312775,2,23,2,2,,,,
train,L3,7.668557842,0.842271086,20.63232084,8.562026552,6.909064322,0.013263177,0.001079385,0.00182203,2,0,3,2,,,,
validation_holdout,L1,7.775703823,6.21951791,34.26720641,7.189976911,9.162869666,0.018075145,0.001683162,0.014609824,2,1,3,2,2,0.0014983832370489836,0.001791299437172711,0.9967103004455566
train,L4,6.032086986,15.57626654,15.20568992,5.35175819,2.518744946,0.002061082,7.65e-05,0.016216418,2,2,3,2,,,,
train,L5,5.714723695,10.60023029,29.32099946,5.664228933,9.714942641,0.004718364,0.000739837,0.006145208,2,3,3,2,,,,
train,L3,8.232665551,7.287864067,29.12492325,4.053177657,5.075950244,0.01420711,0.00048177,0.013450452,1,4,3,2,,,,
validation_holdout,L1,7.109301483,7.748916251,27.45379082,8.016914662,9.511435976,0.016492515,0.000900073,0.008818542,2,5,3,2,2,0.001676838262937963,0.002235938096418977,0.9960871934890747
validation_holdout,L5,5.703573284,0.526395701,34.80217692,6.102997938,7.091380393,0.017154878,0.000154029,0.017837827,2,6,3,2,2,0.0030016847886145115,0.07454821467399597,0.922450065612793
train,L4,8.98203211,6.346110288,21.23758872,4.566836342,3.714281829,0.008360633,0.001908722,0.016981898,2,7,3,2,,,,
train,L3,5.702231963,13.10594546,21.79943728,6.768400926,2.694722724,0.001877864,0.000454278,0.010745924,2,8,3,2,,,,
validation_holdout,L5,7.932623301,19.49679165,16.57878806,9.965875616,3.733615416,0.008811851,0.001845392,0.013984358,2,9,3,2,2,0.0029073890764266253,0.003625276265665889,0.993467390537262
validation_holdout,L5,8.942876238,17.01768613,23.85596273,5.482098237,1.837156683,0.004691618,0.000857527,0.017725319,2,10,3,2,2,0.0035171578638255596,0.010425129905343056,0.986057698726654
train,L5,6.337130365,0.960101811,20.22097052,9.365531206,2.294811697,0.005894809,0.001971193,0.010166482,2,11,3,2,,,,
train,L3,5.99787279,18.02193179,21.86773404,4.760134719,1.941943963,0.015468124,0.001112576,0.006608389,2,12,3,2,,,,
train,L3,5.924847288,15.77236906,31.69143581,2.437861655,4.806491894,0.001602989,0.001862357,0.01519649,2,13,3,2,,,,
train,L2,6.561463016,15.71733441,33.70969027,3.633936851,8.160205386,0.016568866,2.06e-05,0.004791292,2,14,3,2,,,,
validation_holdout,L4,5.853660339,9.430917301,18.71466144,5.349561147,2.272451988,0.008610615,0.001498995,0.008076357,2,15,3,2,2,0.004566768649965525,0.03902581334114075,0.956407368183136
train,L1,7.922564696,8.261103213,22.45017863,3.757079429,2.172883899,0.011961672,0.001807071,0.017381681,2,16,3,2,,,,
train,L5,5.718021293,6.406856712,33.57261124,2.001816306,6.790860546,0.001884079,0.000288044,0.014626236,2,17,3,2,,,,
train,L2,7.282977449,1.78104975,16.23616921,9.320012302,2.774646838,0.006813446,0.00020129,0.008374315,0,18,3,2,,,,
validation_holdout,L1,8.988438988,4.950589588,16.84721056,8.75103529,1.878490343,0.001885048,0.000854899,0.004687518,1,19,3,2,2,0.019787045195698738,0.28020331263542175,0.7000097036361694
train,L2,8.348895943,5.308770882,18.25581978,7.938337852,2.501637204,0.01923472,0.001868021,0.007441384,2,20,3,2,,,,
train,L3,7.653268034,9.939502859,26.90425668,3.342516765,9.313582563,0.016164507,0.001089349,0.006040031,2,21,3,2,,,,
train,L5,6.571887673,15.07516593,18.00944542,2.96290861,8.393241275,0.009246692,0.001059638,0.003933741,2,22,3,2,,,,
train,L1,7.683635427,9.739291654,34.36152763,2.540837996,4.186581061,0.004549691,0.000290841,0.014994992,2,23,3,2,,,,
train,L1,7.344645124,1.627966764,23.93429055,7.79223351,6.902386906,0.018675757,1.16e-05,0.005415363,2,0,4,2,,,,
validation_holdout,L1,6.991291844,19.17690112,25.03035921,9.430463686,5.835481063,0.006957472,0.001622179,0.009356266,2,1,4,2,2,0.0019065543310716748,0.0022275522351264954,0.9958659410476685
train,L1,5.957486319,18.88312422,19.93317232,5.444286567,7.094118371,0.00330359,0.000184273,0.008024259,2,2,4,2,,,,
train,L1,8.603114753,15.81119609,24.41920505,2.953125376,7.144040372,0.011306971,0.001271361,0.019650509,2,3,4,2,,,,
train,L2,7.074246271,19.83089408,28.23827265,6.099142566,6.658606136,0.018881105,0.001830087,0.008126299,2,4,4,2,,,,
train,L5,6.181178791,11.11740549,30.02354274,4.79065526,3.394912317,0.000176223,0.000425217,0.002059658,2,5,4,2,,,,
train,L3,6.787157728,19.27398283,30.07736165,4.998599395,1.351057787,0.004838684,0.001333893,0.002251602,2,6,4,2,,,,
train,L3,6.949454134,1.974298292,26.55782225,6.970644993,5.100101038,0.018775108,0.00016661,0.012019698,2,7,4,2,,,,
train,L3,8.396382634,7.630774591,33.0871955,7.749744906,9.018764962,0.003504611,0.001211473,0.012187589,2,8,4,2,,,,
train,L3,8.067650332,4.894934726,31.34815695,2.884828791,6.125475327,0.002353545,0.000336224,0.0086658,2,9,4,2,,,,
train,L2,8.192567128,4.318745141,30.14096229,2.284721846,8.491519375,0.011446726,0.001474548,0.008920952,2,10,4,2,,,,
train,L4,5.538609426,3.245657503,16.11211043,9.954642421,9.924619087,0.017250692,0.00060945,0.001551685,2,11,4,2,,,,
validation_holdout,L5,6.956538994,12.63706601,15.13755924,3.861826791,2.472545837,0.009594485,0.000932148,0.010572657,2,12,4,2,2,0.0037037325091660023,0.008639955893158913,0.9876563549041748
train,L1,7.184704531,15.73577619,19.24894554,2.430644199,7.225998752,0.019891829,0.001202867,0.01034242,2,13,4,2,,,,
train,L4,5.567172969,11.77681879,28.27047188,3.519002633,7.068642163,0.013615517,0.000350834,0.003416212,2,14,4,2,,,,
train,L3,6.409346231,3.365772837,23.22394978,2.311662771,9.819599026,0.001574091,0.001485859,0.002524868,2,15,4,2,,,,
validation_holdout,L4,8.161014381,16.31691351,23.04812519,5.134487157,9.870406606,0.019857359,0.000612254,0.002909664,2,16,4,2,2,0.0023621723521500826,0.0009203928639180958,0.9967173933982849
validation_holdout,L5,5.97988397,12.90111679,32.69173776,8.419214276,7.180107506,0.008217095,0.00132812,0.002470051,2,17,4,2,2,0.0021112384274601936,0.012142828665673733,0.985745906829834
train,L1,7.37358546,8.069231269,32.91125696,4.729955598,3.192533128,0.00581931,0.000324983,0.01238931,1,18,4,2,,,,
train,L1,6.253206552,13.64554076,33.18350528,5.553467255,8.187002543,0.011201796,0.001379354,0.004331412,2,19,4,2,,,,
validation_holdout,L5,5.542422711,5.568147095,21.27756153,7.404694189,1.963262208,0.006155721,0.000265094,0.005402888,2,20,4,2,2,0.01096587348729372,0.3446323275566101,0.6444018483161926
train,L5,6.344205102,7.231248066,28.82111625,6.071152561,8.026293738,0.001820504,0.000856459,0.003884657,2,21,4,2,,,,
validation_holdout,L3,8.915558142,18.39097394,20.43266363,8.891565488,9.191765117,0.000128424,0.00050194,0.019177788,2,22,4,2,2,0.0030913539230823517,0.0020461520180106163,0.9948624968528748
validation_holdout,L1,8.305379892,6.164837861,18.81219666,8.9282854,4.445500553,0.009046709,0.001499267,0.017165041,2,23,4,2,2,0.0049627418629825115,0.020680977031588554,0.9743562340736389
validation_holdout,L4,8.858518255,9.664771229,18.69264915,2.079285564,6.675717655,0.016753582,0.00053145,0.004994649,2,0,5,2,2,0.0027405612636357546,0.005019786302000284,0.9922395944595337
train,L2,7.207489154,17.85775218,21.84215242,8.224370452,4.871284589,0.011489072,0.001764617,0.006887543,2,1,5,2,,,,
train,L2,5.884076695,14.30056633,23.5991524,5.685868802,4.939885495,0.019984225,0.001784722,0.00459291,2,2,5,2,,,,
validation_holdout,L5,7.417858211,1.71296291,31.61898342,9.91072433,3.793338002,0.005808248,0.000400918,0.010091581,1,3,5,2,1,0.008189259096980095,0.5173868536949158,0.4744238555431366
train,L3,7.090320671,3.372409363,17.39782187,5.865856607,7.859166584,0.005681056,0.001231553,0.000882405,2,4,5,2,,,,
train,L2,8.45524979,0.65291102,29.69851695,9.895167563,9.425589077,0.003279014,0.000184558,0.013591676,2,5,5,2,,,,
validation_holdout,L1,5.843289033,12.80297491,25.62909828,8.03655489,9.466757733,0.003364865,0.000789159,0.010701584,2,6,5,2,2,0.0017771736020222306,0.002320703584700823,0.9959021210670471
train,L5,7.20884398,9.229631796,20.75890685,3.988839077,2.573031564,0.005775213,0.00142951,0.018023459,2,7,5,2,,,,
validation_holdout,L4,6.025170326,3.118359593,24.85639169,6.307159834,8.872692847,0.015877517,0.001322252,0.003705657,2,8,5,2,2,0.002032248768955469,0.011609707958996296,0.9863579869270325
train,L5,6.636365744,19.17971536,20.9988414,9.937085116,7.636882973,0.01812456,0.001253154,0.01618013,2,9,5,2,,,,
validation_holdout,L4,8.080749771,10.82836462,26.9216391,8.860244862,3.275536606,0.019504235,0.000572256,0.01594324,2,10,5,2,2,0.003503296058624983,0.021591560915112495,0.9749050736427307
train,L5,7.166063453,5.216919235,23.67687846,2.77893515,1.605561516,0.004722564,0.00076227,0.002980033,2,11,5,2,,,,
train,L5,6.815608998,10.26176964,18.28811058,7.650975974,3.411975402,0.017637821,0.000214863,0.008271905,2,12,5,2,,,,
train,L5,6.880666975,13.75259649,17.33166149,4.764636687,9.209874131,0.006632276,0.001440855,0.003817977,2,13,5,2,,,,
train,L4,7.108063689,1.98666475,25.93391364,2.055858095,6.698608074,0.002345527,0.001012739,0.00546705,2,14,5,2,,,,
train,L4,8.247557903,5.856724393,33.04826067,5.227847752,7.489491948,0.017413496,0.001420444,0.0056333,2,15,5,2,,,,
train,L5,8.622296411,16.23582707,21.87915373,3.878035374,3.31437116,0.012758502,0.000505398,0.01134661,2,16,5,2,,,,
train,L2,8.843671403,9.463464973,29.66000214,8.550954164,7.4744934,0.003378145,0.000655632,0.008522513,2,17,5,2,,,,
train,L3,8.254161852,11.15825427,28.1732271,4.698644871,1.253093557,0.008653642,0.000675089,0.01898079,2,18,5,2,,,,
validation_holdout,L3,6.603924135,8.939912043,33.63109829,8.620189552,4.377892112,0.005816428,6.12e-05,0.002964218,1,19,5,2,2,0.008007661439478397,0.29154080152511597,0.7004514932632446
train,L3,7.908471471,1.356048882,31.41962035,2.004783511,6.640780137,0.014762212,0.000688685,0.019486997,2,20,5,2,,,,
train,L4,7.031610934,3.732120706,26.33210518,4.4625532,2.31486909,0.009122983,0.001608576,0.004997453,2,21,5,2,,,,
train,L4,6.391347177,9.188061955,28.14060996,3.929321714,8.40703217,0.019786671,0.001795624,0.015571042,2,22,5,2,,,,
train,L2,8.443050528,4.579116575,32.96772933,3.868538889,3.115281689,0.001189425,0.001041254,0.007109914,1,23,5,2,,,,
validation_holdout,L3,5.634492221,1.474591059,22.99037569,2.545492958,6.870530015,0.007164804,0.000916448,0.003290087,2,0,6,2,2,0.004424150101840496,0.06651592254638672,0.9290598630905151
train,L3,8.656166972,16.95116845,21.53589412,3.496994163,4.646774283,0.009689813,7.13e-05,0.017228839,2,1,6,2,,,,
train,L5,7.115171126,19.63325432,15.21622167,6.444396559,6.364392359,0.010112358,0.001759617,0.006522788,2,2,6,2,,,,
train,L4,7.730205169,15.96628604,31.53102148,4.330888583,1.967054974,0.006387123,3.59e-05,0.01334768,2,3,6,2,,,,
train,L3,7.807738728,17.14880597,31.01961401,5.339158259,1.152215199,0.014611881,0.001890053,0.011545652,2,4,6,2,,,,
train,L2,8.632912092,5.218554041,17.08909036,5.014935043,9.186079846,0.017507467,0.00098354,0.009699248,2,5,6,2,,,,
train,L2,7.728343888,19.23222602,26.53714762,9.0072394,3.426670079,0.018780514,0.00069045,0.01016848,2,6,6,2,,,,
train,L3,7.648767547,4.340051237,24.27963396,9.242391992,8.377093025,0.016121358,0.001849195,0.014778639,2,7,6,2,,,,
validation_holdout,L4,5.733282142,19.0528813,17.37418191,5.943655773,9.994152704,0.017026546,5.85e-05,0.002211572,2,8,6,2,2,0.003069791244342923,0.0005842445534653962,0.9963459372520447
validation_holdout,L2,7.314428077,19.89897623,34.61136454,4.641247603,2.902881322,0.011055851,0.001167036,0.013529523,2,9,6,2,2,0.002041923813521862,0.00135167152620852,0.9966064691543579
train,L5,6.025591503,14.37859471,19.29391775,2.854405632,3.386536671,0.016535176,0.001102376,0.017968336,2,10,6,2,,,,
validation_holdout,L2,8.081018191,19.63230277,16.3446836,9.627223035,6.965738089,0.006139728,0.000446448,0.00162687,2,11,6,2,2,0.0035215565003454685,0.004051725380122662,0.9924267530441284
train,L1,7.292776723,11.6060257,26.89694759,2.481815559,9.689037711,0.008029727,0.000863486,0.00324274,2,12,6,2,,,,
train,L1,7.880797227,5.561064772,29.77733354,4.381202221,9.242329134,0.006406569,0.001308005,0.014474323,2,13,6,2,,,,
train,L4,5.645855152,9.02141977,15.64886892,4.384529609,5.525879681,0.009401008,0.001456991,0.009026992,2,14,6,2,,,,
train,L3,5.796772056,12.07443824,28.17435277,4.563210289,8.155992543,0.005783034,1.14e-05,0.008369198,2,15,6,2,,,,
